hours_studied,sleep_hours,attendance_rate,has_breakfast,final_score,passed
6.840036869049072,4.202014446258545,0.7444857954978943,1,51.34039306640625,0
9.943249702453613,8.351219177246094,0.8391595482826233,1,98.30327606201172,1
8.481734275817871,4.796831130981445,0.7575260996818542,0,54.819580078125,0
8.37282657623291,9.237383842468262,0.801728367805481,1,91.42646026611328,1
9.616636276245117,5.799208164215088,0.8679404854774475,0,80.4088134765625,1
1.0287444591522217,4.8259968757629395,0.8223245739936829,0,18.68520164489746,0
3.1368377208709717,6.493372440338135,0.8098055124282837,0,35.31218338012695,0
5.808206081390381,9.701766967773438,0.9159150719642639,0,68.1404800415039,1
7.923301696777344,4.100719451904297,0.9841228723526001,0,60.52407455444336,1
9.531950950622559,5.694418907165527,0.5919008255004883,0,66.50392150878906,1
3.5955393314361572,5.100553512573242,0.5978784561157227,1,41.54930114746094,0
4.504243850708008,7.516909599304199,0.6564724445343018,0,46.64366149902344,0
0.41232064366340637,5.4601731300354,0.6671485900878906,0,16.13669776916504,0
4.989251136779785,4.820060729980469,0.5930551886558533,1,41.800758361816406,0
3.4896204471588135,5.781752586364746,0.5850832462310791,1,31.280092239379883,0
4.447301864624023,5.567693710327148,0.8600073456764221,0,48.147891998291016,0
8.219472885131836,6.752282619476318,0.7867385149002075,1,80.83342742919922,1
1.594973087310791,9.242703437805176,0.6414502263069153,1,36.86188507080078,0
8.286953926086426,8.095032691955566,0.6947021484375,1,79.52875518798828,1
7.16818904876709,9.127307891845703,0.8880280256271362,1,90.17726135253906,1
2.5302767753601074,9.241744995117188,0.6505401134490967,0,42.023231506347656,0
7.519315719604492,7.4940314292907715,0.9243993759155273,0,77.03409576416016,1
0.11302691698074341,4.871570110321045,0.6349307894706726,0,11.290217399597168,0
9.789515495300293,7.99413537979126,0.6711031794548035,0,87.15664672851562,1
2.601179838180542,8.524474143981934,0.5344460606575012,0,37.07069778442383,0
0.20608940720558167,5.397860050201416,0.7759113311767578,0,15.03724193572998,0
6.978799343109131,5.42880916595459,0.6547432541847229,1,70.86597442626953,1
1.0900135040283203,7.074306964874268,0.769845187664032,0,25.432334899902344,0
0.6437223553657532,8.80594253540039,0.6964470744132996,1,31.20548439025879,0
1.23076331615448,6.609218120574951,0.9635397791862488,0,31.113962173461914,0
4.594181537628174,4.570220947265625,0.737456738948822,0,33.0601806640625,0
6.272519111633301,9.08296012878418,0.6535585522651672,1,68.7633285522461,1
9.699562072753906,6.339456558227539,0.7397900819778442,1,79.9401626586914,1
8.564793586730957,7.470998764038086,0.7013590931892395,0,69.55745697021484,1
8.699600219726562,4.576701641082764,0.5586020946502686,1,63.1626091003418,1
5.914802074432373,9.61585807800293,0.7161368727684021,1,73.1774673461914,1
8.423688888549805,8.458968162536621,0.5047338008880615,0,70.6158676147461,1
4.754532814025879,9.08613109588623,0.9317054748535156,1,67.56194305419922,1
0.9199801683425903,8.46898365020752,0.6652623414993286,0,32.436893463134766,0
7.016795635223389,9.062044143676758,0.9086140394210815,1,75.56011199951172,1
9.8529052734375,5.471914291381836,0.5423405170440674,0,65.69438934326172,1
9.137436866760254,6.950138092041016,0.616919994354248,1,75.57887268066406,1
3.513552188873291,9.684943199157715,0.64438796043396,0,49.58086395263672,0
4.017914772033691,5.860849380493164,0.729012131690979,0,35.45193862915039,0
0.5296193361282349,8.027664184570312,0.78113853931427,0,29.026906967163086,0
1.329505205154419,8.790132522583008,0.753383457660675,0,31.99810028076172,0
1.6847785711288452,7.715767860412598,0.5986683368682861,1,35.09817886352539,0
0.8459208607673645,7.0777268409729,0.7908163070678711,1,32.962825775146484,0
3.7869765758514404,8.274687767028809,0.5332423448562622,0,39.40243148803711,0
3.2457189559936523,8.081799507141113,0.8274134993553162,0,46.17804718017578,0
1.4765589237213135,6.2684807777404785,0.8968209028244019,0,29.964853286743164,0
3.9694669246673584,9.13932991027832,0.5419983267784119,0,41.07575988769531,0
0.4409767687320709,8.974335670471191,0.7288104295730591,1,34.29407501220703,0
1.3314098119735718,4.148251533508301,0.979473888874054,0,14.121302604675293,0
9.025018692016602,5.683626651763916,0.7778897881507874,0,72.47502136230469,1
4.432756423950195,4.571664333343506,0.7130764722824097,1,36.653114318847656,0
3.8472907543182373,4.893826961517334,0.6777858138084412,1,29.37555694580078,0
1.7751960754394531,5.012238502502441,0.9496819376945496,0,27.600496292114258,0
9.897595405578613,5.446841716766357,0.7845866084098816,0,77.13939666748047,1
1.2383832931518555,7.5259246826171875,0.927340567111969,1,29.98989486694336,0
2.4019479751586914,9.808029174804688,0.8097777962684631,0,45.34812927246094,0
5.272221565246582,9.392075538635254,0.5416531562805176,1,56.97202682495117,0
1.470747470855713,6.459368705749512,0.5616164803504944,0,9.354558944702148,0
4.769364356994629,8.42060375213623,0.7679709792137146,0,50.692508697509766,0
4.74184513092041,4.4406843185424805,0.8250070810317993,1,39.847110748291016,0
9.949862480163574,8.312582969665527,0.9621878862380981,1,93.9310073852539,1
3.945441961288452,4.18459939956665,0.5998342633247375,0,24.35038948059082,0
2.505692720413208,6.168266773223877,0.9909021854400635,1,46.60905456542969,0
4.513704299926758,6.647584438323975,0.7792097330093384,0,44.66278076171875,0
1.6258912086486816,5.47896671295166,0.5803549289703369,0,22.593774795532227,0
7.68110990524292,9.611692428588867,0.7123878002166748,1,71.96527862548828,1
0.8328320980072021,6.180478572845459,0.9608453512191772,1,22.622589111328125,0
0.8671550750732422,6.038712978363037,0.9123793244361877,1,30.485698699951172,0
5.421172618865967,9.0626859664917,0.5030431151390076,1,59.526832580566406,0
7.283665657043457,9.027771949768066,0.5111914277076721,1,66.79014587402344,1
0.9765178561210632,4.255478382110596,0.7686322331428528,1,22.418977737426758,0
4.715333461761475,4.536005973815918,0.7823229432106018,0,41.32162857055664,0
6.442273139953613,9.962383270263672,0.5408378839492798,0,66.98368835449219,1
4.542365074157715,5.097742557525635,0.781288743019104,0,41.53513717651367,0
3.4184987545013428,9.0460844039917,0.5949838161468506,1,55.93503952026367,0
0.19398990273475647,5.448569297790527,0.8857606053352356,0,20.84864044189453,0
7.637016773223877,8.528633117675781,0.6387035250663757,0,65.16401672363281,1
1.0997207164764404,7.410331726074219,0.7952975630760193,1,29.422574996948242,0
4.198573589324951,5.790174961090088,0.5024738311767578,1,33.56841278076172,0
4.746495723724365,6.910850524902344,0.8863623142242432,0,51.78541946411133,0
3.805804967880249,8.707953453063965,0.7260792851448059,1,53.76026153564453,0
6.066403865814209,6.943594455718994,0.6630761623382568,0,52.26921844482422,0
2.472266674041748,4.089883804321289,0.6077610850334167,1,24.991573333740234,0
0.31351321935653687,9.526434898376465,0.5114910006523132,0,18.733779907226562,0
8.43641471862793,6.098575592041016,0.9096851348876953,1,71.70399475097656,1
7.607727527618408,9.03253173828125,0.9685060977935791,0,70.28533935546875,1
8.219941139221191,9.37375545501709,0.7029834985733032,0,81.87902069091797,1
0.29525965452194214,9.11172103881836,0.8743448853492737,1,37.1361198425293,0
4.671635627746582,6.945047855377197,0.5390063524246216,0,32.8328971862793,0
6.121096134185791,4.568256378173828,0.8615659475326538,1,51.485992431640625,0
0.06248292326927185,5.961568832397461,0.8124203085899353,1,27.17487907409668,0
1.4894192218780518,4.4838128089904785,0.8914499878883362,0,20.1035099029541,0
9.790623664855957,4.991983413696289,0.6467099785804749,1,71.28639221191406,1
5.411450386047363,6.4829888343811035,0.8943724632263184,0,43.815616607666016,0
2.994839906692505,6.618802070617676,0.551620364189148,0,25.66288185119629,0
8.62154769897461,7.7386651039123535,0.5662180781364441,0,69.3396987915039,1
9.58797550201416,8.847747802734375,0.5700467824935913,1,87.4876480102539,1
1.1480690240859985,5.382483959197998,0.9841799139976501,0,21.386226654052734,0
5.536741256713867,5.401209354400635,0.7346801161766052,0,58.16180419921875,0
0.8320786952972412,5.50540018081665,0.8538942933082581,1,25.591960906982422,0
8.34660530090332,6.406171798706055,0.5882019996643066,1,61.10228729248047,1
6.901673793792725,5.226525783538818,0.6536369919776917,0,53.268638610839844,0
0.6940322518348694,9.43289566040039,0.870465099811554,0,26.437719345092773,0
8.49860668182373,5.828427314758301,0.5871161222457886,1,68.84620666503906,1
3.3988592624664307,8.231403350830078,0.707589864730835,0,41.64712905883789,0
6.547861099243164,5.940612316131592,0.6357646584510803,0,46.32439422607422,0
0.9926143884658813,7.104204177856445,0.818435549736023,1,27.8005313873291,0
6.837950706481934,8.064767837524414,0.6762655377388,0,59.53857421875,0
1.4498846530914307,8.516484260559082,0.810169517993927,1,31.29352378845215,0
6.207411289215088,4.809749126434326,0.9877363443374634,1,65.35955047607422,1
3.0553605556488037,9.170090675354004,0.7933376431465149,1,61.563873291015625,1
3.373020887374878,9.812270164489746,0.8338112235069275,1,64.69932556152344,1
4.113336086273193,7.85090970993042,0.9470370411872864,1,62.35202407836914,1
8.497406959533691,5.2274274826049805,0.7235274314880371,0,57.65346908569336,0
2.17366099357605,8.97559928894043,0.9173574447631836,1,43.84693145751953,0
0.25345054268836975,7.830934047698975,0.8134402632713318,1,27.341541290283203,0
3.7264065742492676,5.349674701690674,0.5985456109046936,0,33.242130279541016,0
6.494675159454346,9.398669242858887,0.9450163245201111,0,76.32923889160156,1
5.3813276290893555,5.53808069229126,0.717812180519104,1,50.5061149597168,0
6.632114887237549,6.816742897033691,0.5623542666435242,1,70.23658752441406,1
2.8711278438568115,5.765953063964844,0.8841580152511597,0,32.052215576171875,0
8.770307540893555,4.82395601272583,0.8286281228065491,0,64.29730224609375,1
2.9883222579956055,8.369144439697266,0.6327940225601196,0,41.3073844909668,0
5.977816581726074,5.414374351501465,0.6620939373970032,0,56.689083099365234,0
2.202134132385254,6.956480026245117,0.6474522948265076,0,35.013458251953125,0
9.408852577209473,5.472323894500732,0.6950501799583435,0,57.83324432373047,0
3.9864346981048584,4.479095458984375,0.8710066080093384,0,37.00037384033203,0
5.728165626525879,8.513313293457031,0.5107144117355347,1,55.10353469848633,0
4.612555503845215,4.990405082702637,0.553359866142273,0,31.47392463684082,0
7.577958106994629,8.382265090942383,0.6199730634689331,1,72.25442504882812,1
1.6251007318496704,6.093010425567627,0.8315160274505615,0,27.478282928466797,0
3.745678186416626,5.727850437164307,0.7113207578659058,0,29.206199645996094,0
4.224847316741943,6.622779369354248,0.8068278431892395,0,48.04440689086914,0
9.913376808166504,8.802145957946777,0.516108512878418,1,88.07821655273438,1
3.0789029598236084,8.753751754760742,0.8760467767715454,1,40.68071365356445,0
1.3590391874313354,7.608362197875977,0.8414494395256042,1,35.89115524291992,0
6.351156234741211,9.060133934020996,0.777817964553833,0,57.18961715698242,0
8.710887908935547,9.581480026245117,0.7985273599624634,0,80.36895751953125,1
0.49349480867385864,6.846780776977539,0.7941869497299194,1,25.207223892211914,0
5.307168006896973,4.270384311676025,0.7076129913330078,0,39.52490997314453,0
0.8683855533599854,8.660975456237793,0.9137788414955139,1,31.857372283935547,0
1.8232293128967285,9.875632286071777,0.8016545176506042,1,44.30824279785156,0
0.10728037357330322,5.43056583404541,0.6486771106719971,1,11.468985557556152,0
5.701146602630615,6.168542385101318,0.6666995286941528,0,46.92406463623047,0
9.630878448486328,9.202247619628906,0.7397496700286865,0,85.84007263183594,1
3.8688273429870605,9.346452713012695,0.8657748699188232,0,54.09739685058594,0
3.1303086280822754,7.223823547363281,0.9413840770721436,0,56.14020919799805,0
5.9478044509887695,8.464937210083008,0.8504176735877991,0,59.414031982421875,0
6.642579555511475,5.645534515380859,0.8199558854103088,0,55.9280891418457,0
7.576216220855713,7.939218997955322,0.6506092548370361,0,65.13411712646484,1
7.210460662841797,5.242609977722168,0.5668050050735474,0,52.9775505065918,0
9.19493293762207,4.054335594177246,0.7957518696784973,0,65.2831802368164,1
6.558016777038574,9.910139083862305,0.9874486923217773,0,75.67672729492188,1
6.685108661651611,7.999155521392822,0.6152060031890869,0,69.3119125366211,1
8.971673011779785,5.95773983001709,0.8832461833953857,1,73.0210952758789,1
1.3342386484146118,5.044681549072266,0.5007023811340332,0,10.935700416564941,0
4.947038173675537,4.235935211181641,0.9031297564506531,0,43.79093933105469,0
0.9156317710876465,4.468202590942383,0.5688791871070862,0,22.177242279052734,0
9.726298332214355,8.0535249710083,0.939235508441925,1,98.78270721435547,1
8.329694747924805,5.468837261199951,0.78183513879776,1,72.72432708740234,1
2.789608955383301,9.53195571899414,0.9205661416053772,0,54.31964874267578,0
3.1280925273895264,9.025508880615234,0.5949798226356506,1,54.05540084838867,0
3.43591570854187,5.072326183319092,0.6816791296005249,1,38.00540542602539,0
2.372244358062744,4.339288234710693,0.842227041721344,1,33.908851623535156,0
0.15980195999145508,6.347245693206787,0.5099040269851685,1,11.106926918029785,0
6.1146650314331055,8.951757431030273,0.6972131729125977,0,52.673336029052734,0
5.723945140838623,5.127301216125488,0.7181517481803894,0,43.55881881713867,0
9.828524589538574,8.018582344055176,0.7669160962104797,1,82.15357971191406,1
4.9908552169799805,9.995660781860352,0.6274200081825256,0,58.75836181640625,0
3.434290647506714,9.320226669311523,0.6330924034118652,0,43.98801040649414,0
3.1838011741638184,7.26857328414917,0.8243227601051331,1,52.808837890625,0
9.355944633483887,8.975932121276855,0.858953058719635,0,88.13107299804688,1
9.715547561645508,9.687393188476562,0.8095604777336121,1,100.0,1
0.09881096333265305,6.3411641120910645,0.903425931930542,1,22.730159759521484,0
6.617799758911133,4.036770343780518,0.8888960480690002,0,51.997276306152344,0
4.703019142150879,9.208800315856934,0.6342512369155884,1,62.818180084228516,1
0.2107062190771103,4.393287658691406,0.7678494453430176,1,25.31696128845215,0
8.408125877380371,9.617775917053223,0.8400575518608093,1,91.32878112792969,1
0.8431168794631958,9.797844886779785,0.9141832590103149,0,42.47752380371094,0
1.975083351135254,4.251816272735596,0.7928929328918457,1,24.18922996520996,0
0.504486083984375,9.871787071228027,0.650633692741394,1,38.91007995605469,0
2.4996700286865234,5.847740650177002,0.5777360200881958,1,25.196300506591797,0
6.9643402099609375,6.466707706451416,0.6012882590293884,1,58.844993591308594,0
6.631931304931641,8.658056259155273,0.7646478414535522,0,69.70706176757812,1
4.919652462005615,5.870477199554443,0.8555589914321899,1,59.294952392578125,0
8.640999794006348,7.280086994171143,0.6167806386947632,1,75.55016326904297,1
2.720301628112793,4.840502738952637,0.9603744149208069,0,30.625951766967773,0
4.221907138824463,5.248114585876465,0.5276475548744202,1,36.72490692138672,0
6.6540303230285645,7.647238254547119,0.6847201585769653,1,63.03588104248047,1
2.448185443878174,5.078298568725586,0.7955808639526367,0,27.712129592895508,0
4.348160743713379,5.419906139373779,0.5714744329452515,1,42.80587387084961,0
6.360343933105469,9.069530487060547,0.99422687292099,0,72.75978088378906,1
8.378951072692871,4.67834997177124,0.9828400611877441,1,71.92431640625,1
9.921619415283203,9.815713882446289,0.6281154155731201,0,88.50248718261719,1
9.230725288391113,8.42974853515625,0.5190242528915405,0,69.18572998046875,1
8.528228759765625,9.040858268737793,0.8969000577926636,1,92.90784454345703,1
2.1412370204925537,5.502450466156006,0.892395555973053,1,25.062969207763672,0
8.0773286819458,6.655672073364258,0.611323893070221,1,60.74347686767578,1
9.56545352935791,5.858597755432129,0.8615548014640808,0,71.19070434570312,1
9.687021255493164,4.891313076019287,0.5114622116088867,0,57.230186462402344,0
5.831467151641846,7.470402240753174,0.8657909035682678,1,62.49802017211914,1
6.755782127380371,7.4611592292785645,0.8278064131736755,0,71.57784271240234,1
8.465439796447754,9.65397834777832,0.5977857708930969,0,72.2593765258789,1
1.7584434747695923,4.127538681030273,0.9328462481498718,1,28.698246002197266,0
8.257807731628418,5.706236362457275,0.5841432213783264,1,69.53458404541016,1
8.154280662536621,7.332242012023926,0.9348229169845581,1,80.37381744384766,1
3.596205711364746,9.22860336303711,0.7403367757797241,1,57.11494064331055,0
3.1322379112243652,4.634764194488525,0.586807131767273,0,18.8037166595459,0
6.71131706237793,5.2244181632995605,0.7359965443611145,0,52.43007278442383,0
2.4462993144989014,5.217592716217041,0.6367216110229492,0,25.00124168395996,0
3.3752520084381104,4.251400470733643,0.6887059807777405,0,33.24033737182617,0
8.395539283752441,6.000384330749512,0.9651642441749573,0,75.38905334472656,1
7.7777276039123535,6.054600715637207,0.8622314929962158,0,67.7798080444336,1
2.4087440967559814,9.7658052444458,0.5219547152519226,0,35.80961990356445,0
6.400019645690918,4.587789535522461,0.8612773418426514,0,57.71708679199219,0
5.1402716636657715,7.771178722381592,0.7558140158653259,0,56.37908172607422,0
6.721884727478027,4.760964870452881,0.6046032905578613,0,44.906715393066406,0
1.8002901077270508,7.064082145690918,0.6971489787101746,1,33.27126693725586,0
5.4182844161987305,9.495951652526855,0.6554850935935974,1,66.55960083007812,1
0.36372628808021545,9.950539588928223,0.8012881278991699,0,24.54806137084961,0
6.762010097503662,7.521128177642822,0.9032192826271057,1,62.06523513793945,1
9.556952476501465,4.825605392456055,0.9757536053657532,0,80.45035552978516,1
3.7712268829345703,4.153580188751221,0.9190205335617065,0,29.79062843322754,0
0.7528517842292786,6.954475402832031,0.8666499853134155,0,23.658960342407227,0
1.0227437019348145,8.49947452545166,0.9040501713752747,1,43.69208908081055,0
6.306342601776123,5.319240570068359,0.6409890055656433,1,57.45457077026367,0
0.852457582950592,7.36700439453125,0.6151101589202881,1,21.485200881958008,0
0.48127925395965576,9.566435813903809,0.5127004981040955,0,18.61034393310547,0
0.35949528217315674,7.899435043334961,0.8480382561683655,0,25.524473190307617,0
0.6400777697563171,5.8179240226745605,0.9459571242332458,0,19.52252197265625,0
9.716669082641602,7.66967248916626,0.9678027629852295,0,73.08939361572266,1
5.3051438331604,8.538575172424316,0.9215806722640991,1,57.233543395996094,0
1.7375932931900024,4.783123016357422,0.7183068990707397,1,28.961997985839844,0
9.587199211120605,9.224882125854492,0.9932537078857422,1,100.0,1
6.402040481567383,6.86741828918457,0.6542550921440125,1,57.84881591796875,0
0.6416361331939697,4.61496639251709,0.6325388550758362,0,7.118800163269043,0
1.8975236415863037,6.759070873260498,0.8700166344642639,0,24.205299377441406,0
6.078315734863281,9.079329490661621,0.6939510703086853,0,54.8143196105957,0
6.60532808303833,7.004899501800537,0.5256891250610352,0,45.87187194824219,0
8.62378978729248,9.462666511535645,0.8989871144294739,0,86.20845031738281,1
7.2873358726501465,5.526156425476074,0.8644325137138367,0,64.90144348144531,1
7.546590328216553,9.278740882873535,0.9310807585716248,0,78.50785827636719,1
5.829007148742676,6.437475204467773,0.9273913502693176,1,66.22956848144531,1
2.899674415588379,7.987177848815918,0.8896301984786987,0,46.457191467285156,0
2.038590431213379,6.506692886352539,0.5298077464103699,1,27.113609313964844,0
3.9611754417419434,9.201780319213867,0.6856368780136108,0,50.8748664855957,0
0.3643803596496582,9.691555976867676,0.5631147623062134,1,33.45228958129883,0
0.4065357446670532,7.7452850341796875,0.7339078187942505,1,24.88397789001465,0
9.826502799987793,6.314990043640137,0.9975957870483398,1,94.34064483642578,1
9.849065780639648,8.270753860473633,0.8026447892189026,1,86.34873962402344,1
8.73896312713623,8.818493843078613,0.6478891968727112,0,69.02083587646484,1
4.597193241119385,7.773298263549805,0.5159991383552551,0,38.11537170410156,0
6.852095603942871,5.51768159866333,0.7273692488670349,1,65.00093078613281,1
0.8834050893783569,5.834084987640381,0.699501633644104,1,16.134506225585938,0
9.410947799682617,6.362732410430908,0.8510045409202576,1,88.33558654785156,1
2.508115530014038,6.925786018371582,0.7044957876205444,0,22.742443084716797,0
0.507050633430481,9.730969429016113,0.8958753347396851,1,28.716785430908203,0
8.750112533569336,9.50400447845459,0.9004162549972534,1,97.67562103271484,1
6.547240734100342,5.548366546630859,0.5447207093238831,1,57.3056755065918,0
0.7873687148094177,7.304391384124756,0.9966264963150024,1,44.05908966064453,0
7.741238594055176,8.458545684814453,0.6454803943634033,1,75.5517807006836,1
4.150659561157227,4.546985626220703,0.8925712704658508,1,45.84674072265625,0
5.089692115783691,4.188188076019287,0.7998462319374084,1,55.24279022216797,0
3.4873785972595215,4.277360439300537,0.9213895797729492,0,39.51983642578125,0
5.804139137268066,9.516371726989746,0.9753162264823914,0,69.65555572509766,1
7.0962066650390625,9.375192642211914,0.6732805371284485,0,60.97406005859375,1
1.909500241279602,8.17136001586914,0.6951755881309509,0,28.576759338378906,0
7.052833557128906,9.203496932983398,0.8367524743080139,1,66.42706298828125,1
9.837357521057129,9.068666458129883,0.6362497806549072,1,86.45716094970703,1
9.17810344696045,8.273027420043945,0.7376388907432556,0,78.24929809570312,1
8.055606842041016,4.109677791595459,0.7633212804794312,1,59.69032669067383,0
9.095520973205566,5.937668323516846,0.5090427398681641,1,62.00925827026367,1
7.555560111999512,5.104086399078369,0.6225761771202087,0,58.64738464355469,0
7.974185466766357,7.173016548156738,0.6351249814033508,1,76.13849639892578,1
1.2900241613388062,6.77920389175415,0.6468151807785034,1,24.738821029663086,0
8.647789001464844,6.179189205169678,0.6131506562232971,1,62.791805267333984,1
0.7422410249710083,5.659580707550049,0.840154767036438,1,32.011741638183594,0
4.952167987823486,5.039361953735352,0.672222375869751,0,39.15719985961914,0
4.574745178222656,6.384289741516113,0.6586924195289612,0,44.74909210205078,0
9.899015426635742,5.895156383514404,0.8641460537910461,0,75.07420349121094,1
9.827014923095703,7.99976110458374,0.5123034715652466,1,92.66294860839844,1
4.151381969451904,5.1914825439453125,0.8120388388633728,1,32.81406021118164,0
5.344083309173584,6.553465843200684,0.751115083694458,0,51.24702072143555,0
7.97648811340332,8.399033546447754,0.8597931861877441,1,83.09661865234375,1
3.249805450439453,8.164921760559082,0.8702333569526672,1,48.04248809814453,0
3.0585970878601074,5.36989688873291,0.5053609013557434,0,29.432567596435547,0
0.787041425704956,4.76096773147583,0.8257975578308105,0,7.573315620422363,0
0.1816430389881134,6.101813793182373,0.7326551675796509,0,7.619848251342773,0
8.902787208557129,5.6348114013671875,0.9806005358695984,1,75.35826873779297,1
8.128728866577148,5.620485305786133,0.5341575145721436,0,57.99638748168945,0
4.9537353515625,7.630582809448242,0.9769776463508606,0,61.969051361083984,1
0.1696089208126068,5.470510959625244,0.9555755853652954,0,11.806591987609863,0
4.496891498565674,8.259428977966309,0.8804191946983337,1,63.943851470947266,1
2.434715747833252,5.917423725128174,0.8122459650039673,1,41.42423629760742,0
4.189260959625244,4.931305408477783,0.8542907238006592,0,36.83638000488281,0
8.893108367919922,7.420425891876221,0.8709669709205627,1,80.7038803100586,1
4.348834037780762,6.261790752410889,0.9509928226470947,0,46.96168899536133,0
6.708326816558838,4.929235935211182,0.8007764220237732,1,60.387142181396484,1
6.828691005706787,7.882335186004639,0.5105059742927551,0,54.3321533203125,0
7.908389091491699,8.562346458435059,0.9428041577339172,1,85.4703140258789,1
5.705300807952881,4.4326276779174805,0.5980166792869568,1,47.909610748291016,0
7.463899612426758,7.380253791809082,0.8542819023132324,1,76.72329711914062,1
3.1834118366241455,4.687709808349609,0.8158903121948242,1,33.43534469604492,0
9.144559860229492,4.9874491691589355,0.7686573266983032,1,79.81295013427734,1
6.915074348449707,7.806000232696533,0.7968011498451233,1,66.1648941040039,1
2.2328197956085205,8.90853214263916,0.8055880069732666,0,28.616527557373047,0
7.536068916320801,5.917288303375244,0.9327787756919861,1,81.356201171875,1
3.503441333770752,9.358325958251953,0.6042558550834656,0,30.817333221435547,0
6.395301818847656,6.0737175941467285,0.7539252042770386,1,70.99308013916016,1
0.7904796600341797,7.9048662185668945,0.7166740298271179,0,22.66224479675293,0
8.245097160339355,4.458050727844238,0.8528522253036499,1,73.274169921875,1
5.212017059326172,4.469231605529785,0.8072004318237305,0,38.343135833740234,0
3.4660511016845703,7.468334674835205,0.9384567141532898,0,55.81687545776367,0
2.6713273525238037,5.643771648406982,0.752660870552063,1,32.52784729003906,0
6.717520236968994,7.054998874664307,0.669685423374176,0,60.48357391357422,1
3.7416484355926514,6.142362594604492,0.8704785108566284,1,43.45686721801758,0
0.0017169537022709846,6.416981220245361,0.961670994758606,1,31.091718673706055,0
3.3923630714416504,9.77517318725586,0.6237709522247314,0,54.09737777709961,0
2.9912898540496826,6.659611701965332,0.9798563718795776,1,36.35163116455078,0
1.384886622428894,8.418098449707031,0.8546292185783386,0,30.78127670288086,0
4.784487247467041,9.662726402282715,0.9838902950286865,0,68.68868255615234,1
2.213474750518799,7.971598148345947,0.8105753064155579,1,33.96268081665039,0
4.471816539764404,5.901586532592773,0.7766642570495605,1,38.47700500488281,0
2.4173583984375,8.124686241149902,0.7648097276687622,1,26.83967399597168,0
9.624645233154297,9.181119918823242,0.5531251430511475,0,83.15444946289062,1
1.190124750137329,7.169087886810303,0.5440751910209656,0,13.828280448913574,0
6.786877632141113,7.961539268493652,0.8798338770866394,1,77.42484283447266,1
9.73924732208252,9.66305160522461,0.5559704899787903,1,82.75498962402344,1
7.569671154022217,5.92667818069458,0.8390101194381714,1,69.94300079345703,1
1.558232307434082,9.844406127929688,0.6431034803390503,0,39.69418716430664,0
8.266654014587402,4.5312018394470215,0.7375844717025757,0,57.41166305541992,0
5.719819068908691,9.422173500061035,0.8943430185317993,0,67.38861083984375,1
0.10924776643514633,4.398162841796875,0.5189440250396729,1,1.6552305221557617,0
5.236271381378174,8.54206657409668,0.540291965007782,1,58.1927604675293,0
9.110490798950195,8.867208480834961,0.6356561183929443,1,86.57425689697266,1
9.532076835632324,8.562555313110352,0.9925186634063721,1,97.27806854248047,1
4.845622539520264,4.533797264099121,0.8323536515235901,1,44.237586975097656,0
1.6537306308746338,8.883195877075195,0.7473920583724976,0,37.61978530883789,0
3.123795747756958,8.71282958984375,0.6805567741394043,0,37.71385955810547,0
2.024780750274658,6.412341117858887,0.7274870276451111,1,33.84112548828125,0
2.478379249572754,5.000195026397705,0.7045148611068726,1,34.68674850463867,0
1.104811429977417,5.267196178436279,0.714484453201294,1,25.532169342041016,0
9.021254539489746,4.0960612297058105,0.898033082485199,0,69.25823974609375,1
3.0507140159606934,4.017014980316162,0.8594831228256226,1,31.869178771972656,0
7.711444854736328,5.196143627166748,0.713955283164978,1,56.25818634033203,0
3.509002447128296,8.999909400939941,0.964414656162262,1,55.81334686279297,0
5.870397090911865,6.679925918579102,0.8775275349617004,1,65.89261627197266,1
5.321755886077881,8.931089401245117,0.9391966462135315,1,77.59033203125,1
7.23427152633667,8.379446029663086,0.5113356709480286,1,60.84772872924805,1
6.382475852966309,8.120759963989258,0.9153710603713989,1,67.66149139404297,1
5.80486536026001,7.779883861541748,0.5410952568054199,0,50.03829574584961,0
6.275939464569092,9.444208145141602,0.5314905643463135,1,57.63603973388672,0
4.403233051300049,4.600584983825684,0.6378409266471863,0,26.424888610839844,0
0.6389233469963074,6.113142013549805,0.8384447693824768,1,23.429975509643555,0
3.212048292160034,9.783507347106934,0.7041459083557129,1,52.6987419128418,0
4.215954780578613,7.784815788269043,0.7666741013526917,0,53.4311637878418,0
1.6559494733810425,9.153048515319824,0.5961178541183472,0,24.575292587280273,0
6.50083589553833,5.342920303344727,0.8158711791038513,1,59.76432418823242,0
6.9642462730407715,5.127533435821533,0.6609261631965637,1,55.02285385131836,0
6.136562824249268,5.230854511260986,0.5637732744216919,0,45.67579650878906,0
4.822011947631836,7.625022888183594,0.5437706112861633,0,40.86642074584961,0
8.247222900390625,5.146828651428223,0.9336713552474976,0,67.64759826660156,1
5.66633939743042,6.963338375091553,0.8454506397247314,0,56.49953079223633,0
8.091338157653809,5.224928855895996,0.6443783640861511,1,63.605567932128906,1
1.7593673467636108,9.614635467529297,0.5626723170280457,0,30.87515640258789,0
7.213716506958008,4.739229202270508,0.593869686126709,0,55.11540603637695,0
6.68233060836792,8.081313133239746,0.6639444828033447,1,73.12743377685547,1
6.489385604858398,4.620434761047363,0.6784055233001709,0,57.619529724121094,0
2.480361223220825,6.353170871734619,0.7311510443687439,0,25.209959030151367,0
2.0534465312957764,7.75545072555542,0.5941299200057983,1,39.950889587402344,0
8.283041954040527,7.902894496917725,0.7633228898048401,0,76.93089294433594,1
1.31498122215271,9.251274108886719,0.5880903601646423,0,25.8001708984375,0
1.002376675605774,5.8208417892456055,0.8126539587974548,0,23.437965393066406,0
1.4208369255065918,9.049605369567871,0.90119469165802,0,34.101619720458984,0
9.696554183959961,4.053313255310059,0.687593936920166,0,64.66316223144531,1
9.212408065795898,8.53012752532959,0.5682685971260071,0,79.9372329711914,1
1.52195143699646,4.600616931915283,0.5204557776451111,1,16.094432830810547,0
0.8568605184555054,7.716691493988037,0.9191429018974304,1,33.984710693359375,0
7.828980922698975,5.010535717010498,0.6303917169570923,0,57.81196594238281,0
9.130970001220703,5.690099239349365,0.5560711622238159,1,70.96244049072266,1
0.6565161347389221,5.529545783996582,0.6584877371788025,1,25.639192581176758,0
7.5680108070373535,5.317075252532959,0.5577075481414795,1,57.948486328125,0
9.627362251281738,7.679921627044678,0.7593376636505127,0,97.67332458496094,1
3.5346148014068604,4.564447402954102,0.648155152797699,1,28.50388526916504,0
1.1910595893859863,6.1956377029418945,0.6729511022567749,1,24.75946044921875,0
0.3562862277030945,6.87591028213501,0.5200884938240051,1,13.160051345825195,0
1.20612370967865,6.200328350067139,0.579064667224884,1,17.80219078063965,0
3.656735897064209,8.773796081542969,0.6707548499107361,0,43.22654342651367,0
6.721127033233643,8.146724700927734,0.9051562547683716,1,74.7368392944336,1
4.209388256072998,8.543036460876465,0.6609423756599426,0,48.28044509887695,0
9.605048179626465,7.653356552124023,0.9836770296096802,0,84.9132080078125,1
1.734274983406067,4.959463119506836,0.8423973321914673,1,28.731700897216797,0
3.9802024364471436,8.610635757446289,0.7760232090950012,1,56.13526916503906,0
0.27477529644966125,9.734368324279785,0.680515468120575,0,33.62494659423828,0
7.57787561416626,8.220495223999023,0.7960336208343506,1,72.30448150634766,1
7.718898773193359,9.027851104736328,0.5269495248794556,0,65.94957733154297,1
6.981789588928223,5.039711952209473,0.6517209410667419,1,64.84314727783203,1
8.768815994262695,8.429608345031738,0.5605068802833557,0,72.47988891601562,1
8.836360931396484,6.67162561416626,0.8963283896446228,0,80.32929992675781,1
3.7936787605285645,7.82376766204834,0.7108380198478699,1,56.25205612182617,0
7.00617790222168,6.963871955871582,0.8547396063804626,1,67.69769287109375,1
1.760801076889038,5.700235366821289,0.7783486843109131,1,37.95995330810547,0
0.39243772625923157,7.559184551239014,0.8449202179908752,1,24.23638916015625,0
8.53244686126709,4.063472747802734,0.8462413549423218,0,58.587806701660156,0
4.652688026428223,9.964767456054688,0.8648505806922913,0,54.82755661010742,0
1.1166067123413086,5.975788116455078,0.5202149748802185,1,13.669595718383789,0
0.6217841506004333,6.2049360275268555,0.6808003187179565,0,8.623757362365723,0
2.449456214904785,4.245664119720459,0.5436055660247803,1,27.6701717376709,0
2.390017509460449,8.144383430480957,0.6135321259498596,0,32.94557571411133,0
9.906508445739746,5.443946838378906,0.8565245866775513,0,60.39130783081055,1
7.038138389587402,9.060467720031738,0.6264994740486145,0,63.99042510986328,1
3.4333088397979736,7.125227928161621,0.5105297565460205,0,31.20457649230957,0
4.433919906616211,7.16343355178833,0.7444970011711121,0,41.98939514160156,0
3.4465348720550537,5.913941383361816,0.7527245283126831,0,30.650766372680664,0
4.348910808563232,4.548675537109375,0.7240728735923767,0,37.76762390136719,0
9.963705062866211,6.45327615737915,0.8668415546417236,0,80.8597183227539,1
5.936309337615967,5.231161594390869,0.9902054071426392,0,51.233036041259766,0
4.393226623535156,7.093366622924805,0.8207151293754578,1,58.309173583984375,0
6.840222358703613,4.947058200836182,0.9132793545722961,0,56.03275680541992,0
5.472424507141113,7.924516677856445,0.7502686977386475,1,57.884220123291016,0
0.3711238205432892,9.170140266418457,0.6239145398139954,0,19.603483200073242,0
9.749953269958496,4.769312858581543,0.5854235887527466,1,75.28703308105469,1
3.1989235877990723,8.272357940673828,0.7714672088623047,1,43.79756164550781,0
5.301767826080322,7.7021894454956055,0.8927478194236755,1,66.4876480102539,1
0.24394281208515167,9.035876274108887,0.514619767665863,1,19.374706268310547,0
3.4385101795196533,4.724740982055664,0.7497461438179016,1,38.8320198059082,0
3.188716411590576,8.14796257019043,0.9628595113754272,1,53.519378662109375,0
4.037586212158203,4.490594863891602,0.71177077293396,1,37.756744384765625,0
8.522127151489258,9.682897567749023,0.8832371234893799,1,95.42921447753906,1
3.256798028945923,5.957803249359131,0.6316704154014587,0,30.67390251159668,0
1.0589122772216797,5.346758842468262,0.5196526050567627,1,15.180835723876953,0
2.2374918460845947,6.12454891204834,0.5095794796943665,1,29.361846923828125,0
5.025880336761475,8.15807819366455,0.5323320627212524,1,53.42455291748047,0
0.06587765365839005,8.187434196472168,0.9685431122779846,0,23.9830322265625,0
2.7290196418762207,4.218902111053467,0.7422840595245361,1,31.365373611450195,0
0.9527869820594788,7.984589576721191,0.6091206669807434,0,23.756725311279297,0
5.294827461242676,6.785641193389893,0.9680353999137878,0,53.89605712890625,0
3.4819893836975098,4.165504455566406,0.6764826774597168,1,20.263288497924805,0
7.772567272186279,6.467183589935303,0.8250407576560974,1,70.4040298461914,1
9.603484153747559,4.948456287384033,0.8174750208854675,0,72.45508575439453,1
4.858428001403809,5.0135931968688965,0.8015994429588318,0,40.226905822753906,0
0.34988507628440857,6.24613618850708,0.9866787195205688,1,33.87245559692383,0
2.4805333614349365,6.331430435180664,0.8649101853370667,1,33.66902160644531,0
4.165868759155273,5.309114456176758,0.9566563367843628,0,36.800018310546875,0
8.463810920715332,4.518246173858643,0.9177960157394409,0,66.35669708251953,1
2.1423428058624268,5.823846340179443,0.7494655251502991,0,27.871952056884766,0
5.382526397705078,4.002946376800537,0.7759414315223694,1,41.10147476196289,0
2.0407567024230957,7.361797332763672,0.8380559682846069,0,27.42394256591797,0
2.8706741333007812,4.332581520080566,0.5191879868507385,0,23.46999740600586,0
3.598055362701416,4.219299793243408,0.8004107475280762,1,36.68865966796875,0
0.26141732931137085,8.245360374450684,0.8048613667488098,0,29.30085563659668,0
9.462347030639648,8.049382209777832,0.6861761212348938,1,89.40609741210938,1
4.296350955963135,8.933748245239258,0.6006815433502197,1,49.323551177978516,0
5.4120683670043945,5.269421100616455,0.6480620503425598,1,43.79502487182617,0
0.2343931794166565,6.673419952392578,0.7769441604614258,1,20.149784088134766,0
6.942798614501953,6.430213451385498,0.8152708411216736,0,59.83976745605469,0
2.673336982727051,7.081572532653809,0.6848336458206177,0,40.82353210449219,0
8.33554458618164,7.867547035217285,0.5106908679008484,0,64.29360961914062,1
6.770373821258545,5.805846691131592,0.5743890404701233,1,61.50431442260742,1
5.29541015625,7.33227014541626,0.7329527735710144,0,44.0058708190918,0
8.812593460083008,7.164702415466309,0.5469520092010498,0,66.53324890136719,1
6.119389057159424,9.373724937438965,0.6976321339607239,1,71.91181182861328,1
7.155906677246094,5.515809535980225,0.8850722908973694,1,68.90499877929688,1
9.57858657836914,6.692217826843262,0.7604857087135315,0,76.11251831054688,1
4.454861164093018,7.104930400848389,0.6847115159034729,1,45.00534439086914,0
6.562557697296143,4.041332244873047,0.5567998290061951,1,50.445533752441406,0
3.679368495941162,8.234251022338867,0.9649199843406677,0,58.534297943115234,0
7.204686164855957,5.277885913848877,0.6777040958404541,1,54.8355827331543,0
0.8775161504745483,5.233916759490967,0.8015250563621521,0,9.351980209350586,0
2.030280351638794,4.768869400024414,0.6740637421607971,1,30.469482421875,0
7.62361478805542,7.170351982116699,0.8066582679748535,0,65.56969451904297,1
9.0570707321167,6.357512950897217,0.5143941044807434,1,71.29010009765625,1
9.556750297546387,9.502074241638184,0.7136356234550476,1,96.88420104980469,1
2.2509419918060303,8.451435089111328,0.9083442687988281,1,42.986595153808594,0
6.275038719177246,7.79240608215332,0.8819040656089783,1,66.3027572631836,1
3.87267804145813,9.518017768859863,0.8178669810295105,1,60.757572174072266,1
1.6221070289611816,8.507856369018555,0.7041054368019104,0,32.58098602294922,0
7.008021354675293,7.3661065101623535,0.7882155776023865,0,71.63103485107422,1
6.164330005645752,5.292222499847412,0.9990864992141724,0,58.445430755615234,0
7.6050238609313965,7.218747615814209,0.7192708253860474,0,64.79052734375,1
0.42423215508461,8.73794937133789,0.543808102607727,1,22.966976165771484,0
2.316873788833618,4.216796875,0.7717607021331787,0,25.4918212890625,0
9.847994804382324,6.118605136871338,0.816802442073822,0,81.16480255126953,1
0.021235615015029907,4.996001243591309,0.583712100982666,0,7.585923194885254,0
9.306547164916992,9.699406623840332,0.6173163652420044,1,82.52464294433594,1
2.0451204776763916,8.293632507324219,0.7514806389808655,1,41.732521057128906,0
1.7419072389602661,5.422389030456543,0.8388914465904236,0,22.518707275390625,0
3.453732490539551,9.404000282287598,0.8157347440719604,0,52.87039566040039,0
3.7496302127838135,8.733246803283691,0.6863871216773987,0,45.849246978759766,0
2.0282528400421143,9.112404823303223,0.7317460179328918,0,37.96049880981445,0
3.19549560546875,8.84373950958252,0.9589731097221375,0,48.42950439453125,0
3.2209692001342773,6.466292858123779,0.9885280728340149,0,47.88351058959961,0
5.566455364227295,8.742237091064453,0.6534554958343506,0,67.7257308959961,1
4.209287166595459,7.342659950256348,0.8867757320404053,0,50.572750091552734,0
0.5290945172309875,8.826844215393066,0.877232551574707,1,41.5078125,0
6.678982257843018,5.940299987792969,0.6979465484619141,0,59.911197662353516,0
6.926220417022705,6.928814888000488,0.803112268447876,1,61.031219482421875,1
5.233619689941406,6.044045925140381,0.6433767676353455,1,50.578582763671875,0
7.916804313659668,6.094868183135986,0.6601548194885254,1,63.70572280883789,1
0.6725857853889465,8.86792278289795,0.7044834494590759,1,34.36562728881836,0
7.799497604370117,8.326869010925293,0.8338108062744141,0,71.48772430419922,1
4.309575080871582,5.7504754066467285,0.6987428069114685,0,37.60574722290039,0
4.959352016448975,6.108139514923096,0.8855875134468079,1,52.32526397705078,0
6.322673797607422,9.38813591003418,0.6009098291397095,1,59.16868591308594,0
6.087517738342285,7.185412406921387,0.6346852779388428,1,62.26548767089844,1
2.227288007736206,9.732928276062012,0.9442822933197021,1,50.660030364990234,0
1.6777606010437012,4.000796794891357,0.6421542763710022,0,11.090723991394043,0
0.29001957178115845,9.789855003356934,0.9308501482009888,0,45.30956268310547,0
5.457796573638916,7.017022609710693,0.5217032432556152,1,54.278968811035156,0
4.930087566375732,8.456985473632812,0.7460719347000122,0,53.46163558959961,0
1.746564269065857,8.045313835144043,0.8947004079818726,0,46.10590362548828,0
1.1161249876022339,6.229979991912842,0.7211525440216064,0,19.62272834777832,0
7.905774116516113,8.333658218383789,0.588426947593689,0,77.11386108398438,1
5.6668925285339355,4.537006855010986,0.8760776519775391,0,50.002403259277344,0
6.495087146759033,5.797731399536133,0.5886830687522888,0,36.26387023925781,0
2.4097883701324463,5.771905422210693,0.5806673765182495,1,28.82271957397461,0
9.346635818481445,9.466736793518066,0.9572404026985168,0,82.07125091552734,1
4.464809894561768,5.236949920654297,0.547558069229126,1,53.001548767089844,0
1.1913771629333496,9.413484573364258,0.9532917141914368,1,37.64629364013672,0
9.399168968200684,4.76762056350708,0.7626820206642151,1,75.27439880371094,1
2.006667375564575,4.319506645202637,0.872600793838501,0,20.09654426574707,0
7.534897804260254,5.539246082305908,0.9803048968315125,1,67.1280746459961,1
3.4800405502319336,4.2888593673706055,0.8079066872596741,1,29.90472412109375,0
3.4761242866516113,6.373078346252441,0.7598087191581726,0,39.34413528442383,0
3.009631633758545,6.349792003631592,0.6176381707191467,0,27.642107009887695,0
6.9956746101379395,5.613483428955078,0.9693477153778076,0,64.09041595458984,1
5.105574607849121,7.037744045257568,0.8394415974617004,1,58.01968765258789,0
7.9382123947143555,8.291314125061035,0.5048485398292542,0,74.66797637939453,1
7.587436676025391,9.124220848083496,0.9312937259674072,0,79.03424072265625,1
5.468989849090576,8.347018241882324,0.7201962471008301,0,49.07185745239258,0
3.0339484214782715,6.592137813568115,0.7515653371810913,0,31.250368118286133,0
5.056542873382568,6.036332607269287,0.687293291091919,0,31.221092224121094,0
6.600313663482666,8.329575538635254,0.6696540117263794,1,70.00574493408203,1
6.828714847564697,4.220181941986084,0.6560359001159668,1,48.74214172363281,0
9.364341735839844,6.3920979499816895,0.5567365288734436,0,71.54407501220703,1
9.072568893432617,6.945096969604492,0.9723628163337708,1,91.9813003540039,1
2.803069591522217,6.811704158782959,0.6088358163833618,0,32.962623596191406,0
2.956827402114868,9.739407539367676,0.953785240650177,1,58.09058380126953,0
5.10386323928833,9.763694763183594,0.9763934016227722,0,66.5048599243164,1
6.960512161254883,4.096367359161377,0.9190653562545776,1,66.73695373535156,1
7.396484851837158,6.811282634735107,0.9009340405464172,1,77.3093032836914,1
7.0513691902160645,6.48442268371582,0.9149261116981506,0,68.21321868896484,1
0.4115685820579529,8.724822044372559,0.6920479536056519,1,33.410030364990234,0
2.1254608631134033,6.169624328613281,0.7230539321899414,0,30.23049545288086,0
5.9348530769348145,4.2147016525268555,0.9671992063522339,0,42.713680267333984,0
6.572828769683838,5.464916229248047,0.849509060382843,0,49.669029235839844,0
8.17561149597168,5.041419982910156,0.9652960896492004,1,67.49526977539062,1
9.691303253173828,5.566446781158447,0.9119879007339478,0,76.5391616821289,1
5.869786739349365,9.546042442321777,0.5498790740966797,0,55.44713592529297,0
5.5180134773254395,5.482862949371338,0.8705300688743591,1,52.74007034301758,0
8.822861671447754,7.752678871154785,0.6225062608718872,0,76.86664581298828,1
8.691627502441406,8.518404006958008,0.6034672856330872,1,78.83526611328125,1
2.77675461769104,9.83773136138916,0.9003257751464844,0,53.71543502807617,0
3.523097276687622,5.695377349853516,0.71152663230896,1,25.11341667175293,0
0.8873468041419983,4.418724060058594,0.8356426954269409,0,13.4169282913208,0
9.777100563049316,6.816933631896973,0.5863432288169861,0,66.38978576660156,1
9.235549926757812,8.220171928405762,0.5647892951965332,1,95.5243148803711,1
1.0261582136154175,5.356204509735107,0.6282323598861694,0,11.046843528747559,0
1.8866143226623535,6.911102771759033,0.6206030249595642,1,37.823631286621094,0
2.834270715713501,9.348054885864258,0.5983624458312988,0,34.74417495727539,0
9.020061492919922,5.405651569366455,0.6822159290313721,1,64.4431381225586,1
0.792743444442749,7.147331237792969,0.8087722659111023,1,25.24832534790039,0
7.179208755493164,8.5252046585083,0.5214095115661621,0,61.61491012573242,1
8.66112995147705,5.345224857330322,0.7991374731063843,1,72.01083374023438,1
6.484789848327637,6.859070777893066,0.7774128317832947,1,61.90093994140625,1
1.4272104501724243,6.53209924697876,0.9176951050758362,0,37.249996185302734,0
6.011126518249512,5.204860210418701,0.8863669037818909,0,51.27774429321289,0
9.678268432617188,6.195044040679932,0.7630757689476013,0,80.01123046875,1
3.1283977031707764,6.040289878845215,0.9359782338142395,0,51.01689147949219,0
8.605703353881836,5.226550579071045,0.6808554530143738,0,70.32334899902344,1
3.8766586780548096,6.027773857116699,0.7819546461105347,0,41.8792724609375,0
0.3906638026237488,8.490102767944336,0.5054897665977478,0,14.933088302612305,0
9.1788911819458,9.12563419342041,0.6033540368080139,1,88.30535888671875,1
8.065115928649902,6.306620121002197,0.6703916788101196,1,67.8575439453125,1
2.392361640930176,8.124107360839844,0.5754073262214661,1,30.886167526245117,0
4.656411170959473,9.33985710144043,0.7368507385253906,1,61.52759552001953,1
4.8553595542907715,8.531208038330078,0.976048469543457,1,61.824012756347656,1
5.956064701080322,6.68481969833374,0.8391627073287964,1,58.52798843383789,0
6.951601505279541,7.06343936920166,0.6781182885169983,0,57.808631896972656,0
2.026773691177368,5.325625419616699,0.769455075263977,0,28.140811920166016,0
0.09390947967767715,4.357813358306885,0.8651204109191895,1,16.62750816345215,0
4.360795021057129,8.538797378540039,0.7694956064224243,0,52.537994384765625,0
8.34048080444336,6.812100887298584,0.6210194826126099,1,63.55942916870117,1
3.5955004692077637,6.890966892242432,0.8634097576141357,1,57.63585662841797,0
7.192122459411621,8.161880493164062,0.6201964020729065,1,63.74378204345703,1
8.7628173828125,7.3778557777404785,0.6797330379486084,1,69.53775024414062,1
1.183990478515625,4.993871212005615,0.714198648929596,0,15.032649993896484,0
9.08548355102539,9.074438095092773,0.7682190537452698,0,87.63860321044922,1
1.2924506664276123,9.136301040649414,0.6903529763221741,0,38.422950744628906,0
3.1662209033966064,4.069896697998047,0.5517069101333618,1,21.7194881439209,0
5.680374622344971,8.336856842041016,0.9326213598251343,1,62.54253005981445,1
7.621492862701416,9.184085845947266,0.6027096509933472,1,73.11699676513672,1
1.8722511529922485,9.957076072692871,0.5533710718154907,0,38.56648254394531,0
4.798884391784668,4.655454158782959,0.9064227342605591,0,37.95775604248047,0
1.2639614343643188,8.63090991973877,0.963379442691803,1,49.46269226074219,0
4.240265846252441,6.15539026260376,0.8478280901908875,0,46.020164489746094,0
1.5273213386535645,8.137646675109863,0.8958821892738342,0,24.647655487060547,0
2.217083215713501,6.660811424255371,0.7563552260398865,1,38.9267578125,0
4.939980983734131,6.834129810333252,0.7029619812965393,0,51.105812072753906,0
0.7849201560020447,6.1655778884887695,0.8249126076698303,1,21.253137588500977,0
2.6390299797058105,9.595203399658203,0.7041611671447754,0,38.64657211303711,0
2.870014190673828,5.5421013832092285,0.8923813700675964,0,41.533172607421875,0
0.21471849083900452,4.188262462615967,0.9148013591766357,0,14.449655532836914,0
3.3478128910064697,8.240474700927734,0.7583515644073486,1,48.13286209106445,0
6.987571716308594,4.4446797370910645,0.8027135133743286,0,52.64957809448242,0
9.056410789489746,4.326002597808838,0.667648196220398,1,74.56283569335938,1
9.569169998168945,6.535434722900391,0.9618409276008606,1,82.19893646240234,1
5.3078718185424805,4.580533504486084,0.872240424156189,1,43.96038055419922,0
6.978672504425049,4.135946273803711,0.8213937282562256,1,53.773189544677734,0
1.3341612815856934,4.462605953216553,0.9260983467102051,0,5.108335494995117,0
7.083444118499756,8.261346817016602,0.9456901550292969,0,69.1957015991211,1
4.7911057472229,6.674591064453125,0.5410181283950806,0,45.543434143066406,0
5.690566539764404,4.97452449798584,0.7929996252059937,0,47.8575553894043,0
9.7601957321167,8.176697731018066,0.8193095922470093,0,81.3838119506836,1
7.476961135864258,7.665650844573975,0.9073618054389954,0,77.79701232910156,1
0.2481893002986908,9.424405097961426,0.5640720725059509,0,23.52055549621582,0
9.526541709899902,6.792510032653809,0.8712524771690369,0,83.26787567138672,1
4.491152763366699,7.962282180786133,0.6986951231956482,1,49.23379135131836,0
6.148042678833008,9.596837043762207,0.5534590482711792,1,59.39611053466797,0
1.3269708156585693,7.015974998474121,0.5034341216087341,0,11.035194396972656,0
3.333667755126953,4.151769161224365,0.6981304883956909,1,29.828765869140625,0
2.0674257278442383,5.449389934539795,0.6720648407936096,0,21.178794860839844,0
6.079639434814453,5.066015243530273,0.8754386305809021,1,63.60145950317383,1
0.9677964448928833,5.324371814727783,0.7957550287246704,1,30.799840927124023,0
6.359787940979004,4.171722888946533,0.6401405334472656,1,44.58928680419922,0
1.2555065155029297,4.09181547164917,0.8685964345932007,1,19.134262084960938,0
3.958008289337158,5.771193504333496,0.5007285475730896,1,33.04129409790039,0
0.22470428049564362,6.786962032318115,0.8407305479049683,1,16.07705307006836,0
4.231991767883301,8.906072616577148,0.9318860173225403,0,57.34014892578125,0
4.165977478027344,5.454561710357666,0.6364844441413879,1,47.29926300048828,0
8.938634872436523,9.751145362854004,0.724274754524231,1,78.79032135009766,1
1.6806912422180176,7.744905948638916,0.6774236559867859,0,31.590503692626953,0
3.198467254638672,5.294245719909668,0.9870525598526001,1,30.021610260009766,0
5.0889105796813965,6.641655445098877,0.857744038105011,0,47.93723678588867,0
3.8744421005249023,4.045551776885986,0.9184633493423462,1,44.56389617919922,0
5.980190753936768,6.215416431427002,0.9967743158340454,1,66.23103332519531,1
4.6305766105651855,9.263195037841797,0.887354850769043,1,64.44888305664062,1
1.250402808189392,4.29688024520874,0.930084764957428,0,6.1707377433776855,0
0.9353870153427124,5.037449836730957,0.8700811266899109,0,12.768586158752441,0
8.798991203308105,6.874673843383789,0.9366289973258972,1,77.0474624633789,1
0.6724242568016052,9.911162376403809,0.7944208979606628,1,36.010772705078125,0
8.592248916625977,7.3377366065979,0.9883761405944824,1,89.86951446533203,1
6.335247993469238,8.153316497802734,0.9842864274978638,1,73.80435180664062,1
7.350081443786621,4.91849946975708,0.7403173446655273,0,54.41921615600586,0
2.080941677093506,7.604077339172363,0.7139797806739807,0,28.831716537475586,0
9.008543014526367,6.295210838317871,0.7370035648345947,0,73.6893310546875,1
9.428473472595215,9.876046180725098,0.5073919892311096,1,90.51722717285156,1
2.1677634716033936,8.848188400268555,0.8508874773979187,0,43.35536575317383,0
8.895212173461914,5.488038539886475,0.6271675229072571,0,72.82721710205078,1
3.2536160945892334,6.656317234039307,0.7687408328056335,0,37.85065460205078,0
4.505357265472412,5.03485107421875,0.6310693621635437,1,33.58342742919922,0
4.437856674194336,7.968358039855957,0.58314049243927,0,50.210201263427734,0
4.614494323730469,8.876398086547852,0.9167245626449585,0,55.88237762451172,0
0.8612393140792847,5.934409141540527,0.8905830979347229,0,31.747695922851562,0
3.2878594398498535,6.377756595611572,0.603866696357727,0,37.828548431396484,0
4.678706169128418,5.099334716796875,0.5524455308914185,1,41.35094451904297,0
3.7663216590881348,5.570537090301514,0.9973223209381104,0,47.21700668334961,0
9.726768493652344,5.980981349945068,0.5186564326286316,1,76.3402099609375,1
2.1914851665496826,8.592700958251953,0.8968155980110168,0,42.20804977416992,0
5.944982528686523,7.554953098297119,0.720329999923706,1,59.57839584350586,0
1.3008736371994019,9.423794746398926,0.9456935524940491,0,42.1591911315918,0
4.421080589294434,9.968979835510254,0.9890544414520264,0,60.879058837890625,1
8.294634819030762,8.004354476928711,0.7913985252380371,1,80.4867172241211,1
2.876880168914795,9.498215675354004,0.557976484298706,1,55.226173400878906,0
8.21114730834961,8.590193748474121,0.9029063582420349,1,87.10028839111328,1
7.7820563316345215,8.341818809509277,0.8205280900001526,0,63.68060302734375,1
2.48207688331604,8.527318954467773,0.6665422320365906,1,44.235923767089844,0
1.448121190071106,8.502041816711426,0.8095012903213501,0,29.835102081298828,0
1.078652262687683,4.169512748718262,0.9189496636390686,1,19.65732765197754,0
7.827911376953125,5.013705253601074,0.879789412021637,1,66.41488647460938,1
7.953968048095703,6.478506565093994,0.7151528596878052,0,68.67868041992188,1
6.099671840667725,6.379729270935059,0.6477237939834595,1,52.011138916015625,0
1.8687949180603027,6.685571193695068,0.8209419250488281,1,25.574508666992188,0
1.6436913013458252,9.308531761169434,0.9398197531700134,1,41.55122756958008,0
3.3737194538116455,6.112373352050781,0.9464443325996399,0,51.305824279785156,0
6.54913330078125,9.173686027526855,0.7264387011528015,0,66.94779205322266,1
5.227100372314453,5.107422828674316,0.5332608222961426,1,43.52313995361328,0
2.7871487140655518,6.805431842803955,0.743471622467041,1,41.38345718383789,0
3.37550687789917,5.069852828979492,0.9393951892852783,1,44.07575988769531,0
6.692089557647705,6.918787479400635,0.5061078667640686,1,57.51205062866211,0
1.828096866607666,9.186955451965332,0.9610480070114136,0,41.945594787597656,0
9.45782470703125,5.930789470672607,0.5411154627799988,1,64.20457458496094,1
8.550483703613281,4.305302143096924,0.7100498676300049,1,65.0960693359375,1
8.560652732849121,8.427480697631836,0.8219541907310486,1,86.18186950683594,1
4.8900980949401855,8.504112243652344,0.7812865972518921,1,55.13251876831055,0
1.1396875381469727,7.2772722244262695,0.5762654542922974,1,18.10865592956543,0
5.173735618591309,7.4967241287231445,0.9253968596458435,0,58.011695861816406,0
3.9063799381256104,7.707184791564941,0.7972716689109802,0,56.62919998168945,0
5.660202980041504,6.777369976043701,0.7055966854095459,1,58.0297966003418,0
1.7179735898971558,7.330850124359131,0.7211498618125916,0,24.056196212768555,0
7.312063217163086,7.9278564453125,0.7175919413566589,1,75.66636657714844,1
1.6953182220458984,5.477674961090088,0.5750541090965271,1,19.891904830932617,0
6.932107448577881,4.0384602546691895,0.9910442233085632,1,62.65562438964844,1
5.909212589263916,5.7995219230651855,0.6112377047538757,0,37.659141540527344,0
6.445791244506836,4.9732866287231445,0.5922070741653442,0,43.303428649902344,0
4.933372497558594,8.852862358093262,0.6406068801879883,1,54.70986557006836,0
7.930630683898926,7.658459663391113,0.6585644483566284,1,64.74287414550781,1
5.365166664123535,7.548666477203369,0.7211946845054626,0,60.84834671020508,1
9.42053508758545,9.065343856811523,0.6177659034729004,0,87.60777282714844,1
4.756115913391113,7.2366557121276855,0.8203224539756775,1,60.751705169677734,1
3.0356497764587402,6.787684917449951,0.5861883163452148,0,34.42274475097656,0
7.596943378448486,8.667564392089844,0.9792819619178772,1,78.92733764648438,1
9.424799919128418,6.404272079467773,0.9643848538398743,1,83.06565856933594,1
0.8862042427062988,4.890100955963135,0.8440467715263367,0,18.820398330688477,0
8.445761680603027,5.5181732177734375,0.7680621147155762,1,66.03781127929688,1
8.838982582092285,7.599162578582764,0.6226376891136169,1,78.82523345947266,1
6.681057453155518,7.7398529052734375,0.7978122234344482,1,72.14080047607422,1
0.5123853087425232,7.917023658752441,0.9392706155776978,1,36.24922561645508,0
2.3326385021209717,8.093498229980469,0.5477955341339111,1,32.9522819519043,0
9.540555953979492,5.584139823913574,0.5871481895446777,0,73.26940155029297,1
9.65293025970459,6.256192207336426,0.5032159090042114,1,72.61382293701172,1
9.079561233520508,6.43037748336792,0.9033136367797852,1,88.91355895996094,1
7.8196702003479,7.68165922164917,0.8101652264595032,0,66.84258270263672,1
1.29069983959198,8.224072456359863,0.7112107872962952,0,30.695077896118164,0
3.192999839782715,7.410668849945068,0.5700168013572693,0,37.145782470703125,0
4.99944543838501,5.363593578338623,0.670901358127594,0,41.80698776245117,0
4.183150768280029,7.198240756988525,0.5313681960105896,0,44.18305969238281,0
8.119803428649902,8.368854522705078,0.6644437909126282,0,64.8471450805664,1
8.485400199890137,6.343916893005371,0.9113200902938843,0,81.32186889648438,1
2.127441644668579,8.407624244689941,0.961683988571167,0,38.348793029785156,0
8.8385591506958,9.479736328125,0.6158167123794556,1,86.0270004272461,1
9.487434387207031,7.320310115814209,0.9915400743484497,0,88.91850280761719,1
1.1215739250183105,8.95468807220459,0.5056293606758118,1,22.050710678100586,0
6.226112365722656,9.54395866394043,0.7164611220359802,0,64.47264099121094,1
8.29415512084961,8.770895004272461,0.7592562437057495,1,78.53834533691406,1
5.164622783660889,8.164962768554688,0.732525646686554,1,59.21868896484375,0
1.48598313331604,9.377032279968262,0.7930592894554138,1,44.03131103515625,0
3.3655569553375244,7.149109363555908,0.7263262271881104,0,49.407752990722656,0
1.2377965450286865,7.813804626464844,0.8006532192230225,1,40.028343200683594,0
3.6361498832702637,8.349993705749512,0.5217298865318298,0,45.782135009765625,0
0.7020732760429382,4.838930606842041,0.6497138738632202,1,16.699018478393555,0
9.31525707244873,4.174126625061035,0.8580631613731384,1,77.18031311035156,1
1.7396882772445679,8.588849067687988,0.6297150254249573,1,30.875591278076172,0
6.2736287117004395,8.991144180297852,0.5708240270614624,1,70.40960693359375,1
4.0378522872924805,7.93884801864624,0.9153771996498108,1,52.25534439086914,0
4.339407444000244,6.864129543304443,0.5222351551055908,0,36.594200134277344,0
0.14687342941761017,9.378299713134766,0.9723831415176392,1,27.598535537719727,0
0.21125644445419312,5.082957744598389,0.7326011061668396,1,11.991385459899902,0
8.325784683227539,4.059168815612793,0.6452640295028687,1,57.9423828125,0
2.2419686317443848,6.485683441162109,0.7738730311393738,0,26.6312198638916,0
2.3395321369171143,8.526226997375488,0.9558227062225342,0,45.874691009521484,0
3.712630033493042,4.133376121520996,0.8149827122688293,1,34.24009704589844,0
7.212787628173828,4.951249599456787,0.7529746294021606,1,65.21570587158203,1
9.60333251953125,5.659221172332764,0.5648258328437805,0,62.14137649536133,1
1.5372682809829712,4.812620162963867,0.6717434525489807,1,26.764863967895508,0
5.1056718826293945,9.835522651672363,0.554459273815155,1,56.8030891418457,0
8.948627471923828,7.581758499145508,0.9107725024223328,1,89.22782135009766,1
9.523624420166016,7.515711307525635,0.8422265648841858,0,92.46156311035156,1
2.8195221424102783,6.025073528289795,0.8470137119293213,1,36.74101638793945,0
0.6450157165527344,4.585493564605713,0.5236096978187561,0,15.61452865600586,0
7.276936054229736,4.656361103057861,0.9933499693870544,0,57.42500686645508,0
8.497447967529297,8.148345947265625,0.8438083529472351,1,88.4776611328125,1
3.9991657733917236,4.689940452575684,0.5144844651222229,1,26.751794815063477,0
7.524904727935791,4.801540374755859,0.7617974281311035,0,55.17573928833008,0
1.8453054428100586,5.249658107757568,0.8598428964614868,1,29.002395629882812,0
4.65518045425415,9.351929664611816,0.7128679156303406,0,57.20345687866211,0
5.350968837738037,5.665960788726807,0.9823815822601318,0,51.18730545043945,0
6.337167739868164,4.589139938354492,0.9061054587364197,0,42.85653305053711,0
4.4795942306518555,8.935091972351074,0.9891987442970276,0,58.488731384277344,0
6.203604221343994,9.278837203979492,0.5875992178916931,0,64.6611099243164,1
5.084578990936279,9.715689659118652,0.7273014783859253,0,57.85274124145508,0
3.6617627143859863,5.006202697753906,0.6676201224327087,1,32.90879821777344,0
2.9180245399475098,9.599408149719238,0.8118561506271362,0,45.714881896972656,0
1.9982272386550903,6.672913551330566,0.9377686381340027,1,33.91881561279297,0
2.8167006969451904,7.213331699371338,0.8727891445159912,0,38.28325271606445,0
3.165438652038574,4.49322509765625,0.7383575439453125,1,24.08402442932129,0
3.371448040008545,4.617023468017578,0.9397024512290955,0,35.29507064819336,0
0.5448108911514282,6.182318210601807,0.8223974108695984,1,25.19523048400879,0
7.301873207092285,4.337266445159912,0.7053656578063965,1,53.76883316040039,0
6.047979354858398,8.647095680236816,0.6103071570396423,0,62.272342681884766,1
5.958575248718262,9.67123794555664,0.9804083704948425,1,65.9353256225586,1
6.058658123016357,6.256772994995117,0.9060443639755249,0,60.04841995239258,1
8.352213859558105,6.998134136199951,0.6026727557182312,0,70.07979583740234,1
3.2021536827087402,9.38331127166748,0.8934094905853271,0,42.91357421875,0
5.738650321960449,6.102748394012451,0.6401639580726624,1,46.649330139160156,0
3.333483934402466,4.18998384475708,0.6672444939613342,1,20.129018783569336,0
0.8281563520431519,9.128868103027344,0.6423743963241577,1,37.40122604370117,0
4.565219879150391,5.260640621185303,0.8158442974090576,0,42.30928421020508,0
3.1663026809692383,8.513710975646973,0.5818153023719788,1,44.3140754699707,0
0.6093273758888245,4.626346111297607,0.8654813170433044,1,26.473419189453125,0
6.101318836212158,6.233641624450684,0.6235836744308472,1,55.65458297729492,0
9.555602073669434,7.098761081695557,0.9177801012992859,0,87.3173828125,1
0.20848321914672852,7.962619304656982,0.957023561000824,0,32.2287712097168,0
0.9753197431564331,8.725201606750488,0.5520455241203308,0,14.881426811218262,0
3.0000436305999756,6.863626480102539,0.6865337491035461,0,24.595640182495117,0
4.510906219482422,8.178215980529785,0.610518217086792,0,48.44169616699219,0
6.156510829925537,6.742703914642334,0.5423703789710999,1,52.48081588745117,0
5.803746700286865,8.415840148925781,0.5908092260360718,1,60.295955657958984,1
7.71130895614624,5.4820990562438965,0.8282210826873779,0,62.233882904052734,1
0.04907088354229927,5.2591071128845215,0.6984018683433533,1,17.36256980895996,0
7.97586727142334,4.605019569396973,0.7877829074859619,0,41.63369369506836,0
5.474870204925537,4.4283833503723145,0.7713949084281921,1,54.63648223876953,0
1.6170191764831543,6.718014240264893,0.8424988389015198,0,34.69123077392578,0
9.496302604675293,8.968295097351074,0.6327882409095764,1,89.16378021240234,1
4.004288673400879,9.152952194213867,0.5698972940444946,1,53.51477813720703,0
5.68538761138916,9.035670280456543,0.7159163355827332,1,64.71461486816406,1
1.1882104873657227,8.820874214172363,0.7916693687438965,1,43.3513069152832,0
0.0052792285569012165,5.489336013793945,0.6840910911560059,0,0.49227043986320496,0
2.7002482414245605,8.85499382019043,0.8309898972511292,1,44.23483657836914,0
1.446691632270813,5.085564136505127,0.6534505486488342,1,22.413684844970703,0
2.3018951416015625,5.664797306060791,0.6613332033157349,1,29.348756790161133,0
9.543830871582031,5.72792387008667,0.9790648818016052,1,91.29693603515625,1
7.244118690490723,7.174952030181885,0.6792944669723511,1,65.86906433105469,1
3.864957094192505,5.673007011413574,0.6507555842399597,0,35.42753982543945,0
9.600424766540527,9.552102088928223,0.9876205921173096,0,100.0,1
1.0384570360183716,5.755191802978516,0.7142324447631836,1,22.80690574645996,0
3.7761714458465576,7.893737316131592,0.9444398283958435,1,48.10268020629883,0
6.691728591918945,9.67855453491211,0.6488246321678162,1,70.56289672851562,1
1.5615049600601196,5.076674938201904,0.6792513132095337,1,20.965065002441406,0
8.172782897949219,7.110811710357666,0.9892999529838562,1,84.49762725830078,1
3.5514743328094482,7.758973598480225,0.8529714345932007,1,50.45377731323242,0
3.393646717071533,9.26526165008545,0.987397313117981,1,52.71913146972656,0
2.768981456756592,6.134777069091797,0.8524209856987,1,37.54233169555664,0
0.40619659423828125,4.147289276123047,0.8460092544555664,0,17.276716232299805,0
9.048324584960938,4.006475448608398,0.8937827348709106,1,67.80645751953125,1
7.47661018371582,5.640693664550781,0.8319314122200012,0,58.831932067871094,0
1.4473222494125366,7.236474990844727,0.7790496349334717,0,27.80052947998047,0
0.10147469490766525,4.58110237121582,0.7276384234428406,1,14.721946716308594,0
4.779688358306885,4.072290897369385,0.8204561471939087,1,33.09871292114258,0
2.8249495029449463,7.321792125701904,0.6896129250526428,1,38.2320671081543,0
4.415060520172119,8.151854515075684,0.9973509907722473,0,62.576927185058594,1
2.691469669342041,9.674355506896973,0.5399256944656372,0,29.75250244140625,0
2.150373935699463,4.144190788269043,0.5113157629966736,1,14.035941123962402,0
9.703874588012695,8.661298751831055,0.8641469478607178,0,88.02346801757812,1
4.91036319732666,4.57208251953125,0.8159030079841614,1,44.76352310180664,0
5.173559188842773,8.382452964782715,0.8355956673622131,1,62.63729476928711,1
3.1722168922424316,9.339703559875488,0.5504995584487915,1,45.91739273071289,0
8.910029411315918,6.025428771972656,0.7999445199966431,0,73.81649017333984,1
9.415934562683105,7.719253063201904,0.5538851022720337,0,66.38275909423828,1
8.71676254272461,5.182289123535156,0.6671118140220642,0,63.847412109375,1
5.740952491760254,4.076737403869629,0.5435692071914673,1,38.46049118041992,0
6.232148170471191,8.228955268859863,0.8799342513084412,1,64.99079132080078,1
3.317917585372925,9.902006149291992,0.8741116523742676,0,45.217227935791016,0
8.735422134399414,6.872470855712891,0.7868279218673706,1,74.70648193359375,1
2.9007718563079834,9.20872688293457,0.6721508502960205,0,42.6424560546875,0
1.534123420715332,5.490448951721191,0.8027867674827576,0,25.811073303222656,0
5.079068660736084,6.024489879608154,0.9090253710746765,1,69.01673126220703,1
7.800902843475342,6.970936298370361,0.8771544098854065,1,64.76972961425781,1
8.518647193908691,6.427710056304932,0.5180859565734863,0,69.8747329711914,1
1.102608323097229,9.545941352844238,0.5771148204803467,0,34.895835876464844,0
7.013463020324707,9.054438591003418,0.7507181763648987,1,76.79464721679688,1
3.853780746459961,5.586239337921143,0.9091530442237854,0,40.8161735534668,0
3.7841811180114746,9.262093544006348,0.9047906994819641,0,45.262046813964844,0
8.835222244262695,6.187270164489746,0.7735729813575745,1,82.61195373535156,1
4.022305488586426,9.786702156066895,0.8156049847602844,0,56.61920166015625,0
0.20777317881584167,6.103261947631836,0.9407492876052856,0,18.83011245727539,0
3.9067912101745605,7.889743328094482,0.8738122582435608,1,53.079612731933594,0
0.1294124573469162,5.833269119262695,0.9462207555770874,1,27.7010440826416,0
1.3117034435272217,9.434398651123047,0.7491057515144348,1,26.74423599243164,0
4.848684310913086,6.499169826507568,0.9073583483695984,1,49.6026496887207,0
0.04608296602964401,9.895777702331543,0.7080817222595215,0,28.662919998168945,0
6.334453582763672,7.1823201179504395,0.865480363368988,0,58.40406036376953,0
9.040776252746582,9.801858901977539,0.7069234251976013,0,81.35860443115234,1
5.457885265350342,7.170738697052002,0.8924438953399658,0,49.17354965209961,0
3.7346465587615967,4.899312973022461,0.7349452972412109,0,34.15884017944336,0
7.132403373718262,8.27216911315918,0.5726259350776672,0,64.29944610595703,1
9.021836280822754,5.519806385040283,0.5131582021713257,1,73.05793762207031,1
2.9294543266296387,7.038368225097656,0.6184089779853821,1,41.41490936279297,0
2.1289596557617188,8.523645401000977,0.5525611639022827,1,29.275625228881836,0
1.2883485555648804,9.55722713470459,0.5205766558647156,1,34.95237731933594,0
3.04823637008667,5.807688236236572,0.7564786672592163,0,32.80046081542969,0
9.114043235778809,8.374863624572754,0.9875017404556274,1,93.82890319824219,1
1.7880146503448486,8.411253929138184,0.7292067408561707,1,43.55971145629883,0
3.200007438659668,6.541512966156006,0.6840404868125916,1,45.095176696777344,0
1.0558356046676636,7.234610080718994,0.6337608695030212,0,21.372190475463867,0
4.566465377807617,6.511864185333252,0.9533872604370117,1,56.1417121887207,0
0.119149349629879,4.976290225982666,0.8220981955528259,1,20.43638801574707,0
3.90686297416687,8.948161125183105,0.9067155718803406,0,56.41818618774414,0
2.8278579711914062,5.938175678253174,0.9917803406715393,1,48.29960632324219,0
6.602023601531982,5.512678146362305,0.6252719759941101,0,49.67463684082031,0
3.591298818588257,6.143604278564453,0.8349065780639648,0,43.64762496948242,0
6.206823348999023,8.650778770446777,0.6788710355758667,0,62.76901626586914,1
8.78378963470459,5.911012172698975,0.7081714868545532,1,69.63590240478516,1
3.3521573543548584,8.129674911499023,0.6209526658058167,1,45.20841598510742,0
3.1208057403564453,9.349580764770508,0.978510856628418,1,65.27128601074219,1
3.191561460494995,5.036217212677002,0.5892130136489868,1,20.993444442749023,0
1.1929148435592651,8.754323959350586,0.6060848832130432,0,21.652240753173828,0
3.7214534282684326,8.286643028259277,0.8062853217124939,0,50.14118957519531,0
0.5991198420524597,7.380368232727051,0.5854718089103699,0,16.75234031677246,0
2.4953107833862305,7.839947700500488,0.9764007925987244,0,43.17915725708008,0
4.681662082672119,5.93132209777832,0.7574973702430725,1,48.53779983520508,0
4.620934009552002,6.771265983581543,0.5879462957382202,0,37.51675796508789,0
2.9826862812042236,8.355957984924316,0.5785250067710876,1,39.520809173583984,0
7.736898422241211,7.825868606567383,0.7739769220352173,1,80.31243133544922,1
4.713469982147217,9.307821273803711,0.8429275155067444,0,65.19486999511719,1
6.537660598754883,8.475428581237793,0.7126065492630005,0,64.19979095458984,1
8.320708274841309,6.032820701599121,0.7596337795257568,1,65.68216705322266,1
2.6871490478515625,5.20971155166626,0.6546188592910767,0,19.799440383911133,0
0.167470321059227,8.441365242004395,0.796414852142334,0,35.0480842590332,0
3.2472176551818848,9.96088695526123,0.8317662477493286,1,45.16454315185547,0
7.899589538574219,6.897608757019043,0.8821955919265747,0,67.9230728149414,1
5.774201393127441,4.54188871383667,0.6122981905937195,0,52.46341323852539,0
9.54438304901123,4.270443916320801,0.8029559254646301,0,67.38368225097656,1
4.288158416748047,5.701385498046875,0.6489065885543823,0,31.15713882446289,0
0.7140260338783264,5.996572494506836,0.652180552482605,0,11.48228931427002,0
5.96543025970459,4.678286552429199,0.9482355117797852,0,44.225502014160156,0
2.262819290161133,9.816115379333496,0.8007476329803467,1,47.365447998046875,0
3.3486034870147705,4.5350422859191895,0.5561801791191101,0,25.430368423461914,0
6.482367038726807,6.38087272644043,0.5998796820640564,0,47.44490432739258,0
6.550230979919434,4.216093063354492,0.9509412050247192,1,52.466087341308594,0
7.880787372589111,7.618231773376465,0.545867919921875,0,64.64927673339844,1
6.811944484710693,9.946930885314941,0.7601101994514465,1,86.9663314819336,1
1.0577296018600464,4.93506383895874,0.551415205001831,0,3.0820088386535645,0
0.4880821406841278,6.873712539672852,0.5715070962905884,0,11.97562026977539,0
0.4106772840023041,8.2333984375,0.8967782855033875,0,31.220142364501953,0
2.129328966140747,9.942423820495605,0.636696457862854,0,41.826210021972656,0
8.570621490478516,4.37522554397583,0.9079017043113708,1,62.79697036743164,1
6.869580268859863,7.879294395446777,0.9056119322776794,0,65.96068572998047,1
1.0856624841690063,6.1981401443481445,0.6786531805992126,1,26.466259002685547,0
4.280079364776611,9.468599319458008,0.7710200548171997,0,62.95969772338867,1
6.335380554199219,4.10930061340332,0.9114614129066467,1,58.813697814941406,0
2.450028419494629,6.102902412414551,0.9575791954994202,0,41.234745025634766,0
8.283361434936523,7.420620441436768,0.6933173537254333,1,75.82355499267578,1
7.167341232299805,7.6903510093688965,0.637374758720398,0,71.9945297241211,1
7.863884449005127,8.556931495666504,0.9855634570121765,1,80.97573852539062,1
9.422931671142578,7.61549186706543,0.6864819526672363,1,91.03880310058594,1
8.523680686950684,8.956437110900879,0.6584298014640808,0,82.15414428710938,1
5.917198181152344,7.40747594833374,0.9182295203208923,0,67.82723236083984,1
7.878633975982666,4.383947372436523,0.5830386281013489,1,55.892662048339844,0
4.103549480438232,5.628991603851318,0.7878650426864624,0,38.52560806274414,0
2.349781036376953,8.302765846252441,0.8740365505218506,0,38.945213317871094,0
6.020883560180664,7.753767967224121,0.6931439638137817,0,51.080421447753906,0
1.0630013942718506,7.237411975860596,0.8360814452171326,1,29.90485191345215,0
6.21137809753418,4.354918003082275,0.6103857159614563,1,42.62643814086914,0
2.884484052658081,4.77322244644165,0.6269286870956421,0,20.227764129638672,0
1.9958138465881348,4.353945732116699,0.5334803462028503,1,22.45765495300293,0
8.545724868774414,5.679340362548828,0.6969354152679443,0,63.45127868652344,1
6.85077428817749,8.665806770324707,0.6921449899673462,1,58.3389778137207,0
4.572242259979248,5.759796619415283,0.7623597979545593,1,42.59849548339844,0
7.20277214050293,4.494449615478516,0.9177995324134827,0,57.17056655883789,0
8.527176856994629,6.4298624992370605,0.7168875932693481,1,64.68401336669922,1
2.9792826175689697,7.147948265075684,0.9382819533348083,0,37.35657501220703,0
8.071773529052734,8.46081256866455,0.7587700486183167,0,79.45182800292969,1
8.272662162780762,8.985681533813477,0.572861909866333,0,82.71554565429688,1
3.603834390640259,5.389247894287109,0.9071493148803711,0,46.050514221191406,0
9.237393379211426,7.321309566497803,0.8427954912185669,1,75.39727020263672,1
1.6514629125595093,6.00972318649292,0.6294385194778442,0,22.403076171875,0
0.35895782709121704,6.126589775085449,0.801011323928833,0,21.27426528930664,0
7.423308372497559,6.998447418212891,0.8788129091262817,0,68.29743957519531,1
4.653964042663574,7.208832740783691,0.6876804232597351,0,51.86501693725586,0
4.598898887634277,7.145804405212402,0.9556118845939636,1,60.14515686035156,1
9.421791076660156,4.609182357788086,0.9678008556365967,0,71.73893737792969,1
8.163854598999023,8.375961303710938,0.9508541822433472,0,72.3155517578125,1
1.469701886177063,8.913125991821289,0.8564321994781494,0,27.342639923095703,0
6.86082124710083,7.786623001098633,0.550952136516571,1,58.51585388183594,0
8.878068923950195,9.91618824005127,0.7435765266418457,1,83.6468734741211,1
2.128582239151001,8.2362699508667,0.841956377029419,1,44.418949127197266,0
5.223108768463135,7.39322566986084,0.6761400103569031,0,49.55830383300781,0
5.80369234085083,7.078361988067627,0.796935498714447,0,56.82992935180664,0
9.701434135437012,5.709035873413086,0.8400523662567139,0,79.08656311035156,1
8.054624557495117,4.138442039489746,0.5754420757293701,0,49.90433883666992,0
0.5993396639823914,7.026482105255127,0.8745148777961731,0,22.44645881652832,0
1.4468449354171753,8.256064414978027,0.5395916700363159,1,33.290496826171875,0
6.553573131561279,5.1900224685668945,0.5761467218399048,1,55.324310302734375,0
0.4294746518135071,7.2013936042785645,0.9240257740020752,1,29.014217376708984,0
3.673201084136963,4.597947597503662,0.7657433748245239,1,38.82734298706055,0
7.887668132781982,6.40024471282959,0.7827798128128052,0,65.9244384765625,1
2.7122011184692383,4.915065288543701,0.7565967440605164,0,26.44322967529297,0
4.233353614807129,7.2995076179504395,0.8792160749435425,0,49.1339225769043,0
7.745798110961914,7.009502410888672,0.9388890266418457,1,79.14866638183594,1
3.1694962978363037,9.20810317993164,0.8550671935081482,0,46.99354934692383,0
6.780463695526123,9.936044692993164,0.984525203704834,0,78.96247863769531,1
0.9979488849639893,9.567652702331543,0.9676020741462708,0,44.16061782836914,0
1.6419763565063477,9.30455493927002,0.6904083490371704,1,40.506431579589844,0
5.591231822967529,5.620800018310547,0.8456850051879883,0,45.99041748046875,0
9.982666015625,5.588129043579102,0.8856218457221985,0,80.46495819091797,1
3.184227228164673,4.617520809173584,0.9339824318885803,1,33.426368713378906,0
8.508049011230469,5.748833656311035,0.8952680826187134,0,76.48474884033203,1
3.8896257877349854,7.755195617675781,0.5886058807373047,0,41.94245147705078,0
9.192826271057129,9.877120018005371,0.6062690019607544,0,79.60701751708984,1
7.620908737182617,5.620203495025635,0.9458780288696289,0,70.48027038574219,1
8.784899711608887,4.99843168258667,0.7519497275352478,1,72.43972778320312,1
4.654996871948242,7.775625228881836,0.6897919178009033,0,53.504730224609375,0
3.132833480834961,4.506605625152588,0.5516133904457092,1,29.808439254760742,0
8.222140312194824,4.835960388183594,0.6294039487838745,1,62.64504623413086,1
1.8274766206741333,7.067605018615723,0.6643298268318176,0,23.94740104675293,0
8.144549369812012,4.97393274307251,0.6955479979515076,1,58.46743392944336,0
0.7153706550598145,7.6667890548706055,0.6092382073402405,0,15.86060905456543,0
1.7096095085144043,9.266902923583984,0.5133795738220215,0,34.65422439575195,0
3.5809133052825928,8.119515419006348,0.9179807305335999,1,54.97254180908203,0
1.7668379545211792,5.641429424285889,0.5240851640701294,0,13.664320945739746,0
5.896317005157471,8.086053848266602,0.5789089202880859,0,50.900123596191406,0
9.324896812438965,5.362890243530273,0.6109127998352051,1,65.2339096069336,1
4.594699859619141,6.822883129119873,0.678253710269928,1,47.413883209228516,0
6.649311065673828,4.395653247833252,0.8416683077812195,0,55.55457305908203,0
2.627002000808716,7.857829570770264,0.5902553200721741,1,44.253849029541016,0
7.947471618652344,7.345963954925537,0.9614279270172119,1,76.9572982788086,1
8.670857429504395,4.242325782775879,0.545388400554657,1,60.79740524291992,1
0.44802147150039673,7.923507213592529,0.7139666080474854,1,31.10747528076172,0
9.942922592163086,9.658745765686035,0.9903422594070435,1,99.59645080566406,1
3.6394362449645996,5.990433692932129,0.5007001757621765,0,31.885297775268555,0
0.17902188003063202,8.960761070251465,0.5346670150756836,0,28.28522300720215,0
2.928957462310791,8.202208518981934,0.6313670873641968,0,40.92971420288086,0
1.8114233016967773,8.097323417663574,0.6303300261497498,0,35.31111526489258,0
6.824276447296143,7.552149772644043,0.7344611883163452,1,62.54756164550781,1
0.2479306012392044,4.035628795623779,0.5191121697425842,1,4.34017276763916,0
6.98363733291626,8.055292129516602,0.9058580994606018,1,76.54962921142578,1
0.1800205558538437,4.177328109741211,0.9069341421127319,1,20.18927001953125,0
9.422149658203125,4.226269721984863,0.6659469604492188,0,61.805137634277344,1
6.961488723754883,5.503495693206787,0.5963890552520752,1,57.01103591918945,0
5.220761775970459,8.169835090637207,0.6954233646392822,0,58.854366302490234,0
3.42431640625,4.271537780761719,0.804964542388916,1,35.71827697753906,0
1.5365948677062988,4.782552242279053,0.8279469609260559,1,31.72772216796875,0
3.7723639011383057,4.929978370666504,0.9313612580299377,1,33.3072624206543,0
9.635455131530762,9.06653118133545,0.5164462327957153,0,75.77403259277344,1
6.895129203796387,4.759686470031738,0.8929165601730347,1,55.15188980102539,0
4.618499279022217,5.911409378051758,0.9239949584007263,1,64.76543426513672,1
8.637741088867188,7.107576847076416,0.7669583559036255,0,72.65892791748047,1
9.475679397583008,4.234293460845947,0.6667137742042542,0,70.5019760131836,1
3.3096137046813965,5.147707939147949,0.7648791670799255,1,25.03910255432129,0
7.782598495483398,9.62888240814209,0.5615859031677246,0,62.56409454345703,1
8.661048889160156,6.180456161499023,0.9427840709686279,0,68.68541717529297,1
9.80838394165039,6.649273872375488,0.5400713682174683,0,71.74794006347656,1
9.936280250549316,4.045343399047852,0.6035535931587219,1,63.85727310180664,1
4.6971611976623535,6.951539039611816,0.9018055200576782,0,47.25163269042969,0
7.892666339874268,6.661500453948975,0.6877581477165222,0,69.18032836914062,1
4.354018211364746,7.4963698387146,0.9188701510429382,1,54.336875915527344,0
5.697207450866699,9.634002685546875,0.984796404838562,1,77.20010375976562,1
1.3070906400680542,7.153468608856201,0.9658600091934204,0,34.67652893066406,0
9.917923927307129,9.583937644958496,0.7513919472694397,0,98.273681640625,1
8.495681762695312,4.248178005218506,0.8005685210227966,1,67.38996124267578,1
3.6637513637542725,6.311328887939453,0.6449697613716125,1,41.346778869628906,0
5.328819274902344,4.542518138885498,0.5787456631660461,0,31.473421096801758,0
4.715546131134033,6.558798313140869,0.8431926965713501,1,51.35481262207031,0
4.136336326599121,4.853068828582764,0.7360092401504517,1,45.88324737548828,0
5.822373390197754,9.80405044555664,0.8741926550865173,1,79.83592224121094,1
5.41869592666626,5.247274398803711,0.6459973454475403,1,48.37760543823242,0
1.339791178703308,6.405209064483643,0.7466753125190735,0,18.628660202026367,0
5.519104957580566,8.623933792114258,0.5858567357063293,1,55.59162521362305,0
0.1491125375032425,9.484472274780273,0.8389891386032104,1,23.581560134887695,0
6.831155776977539,7.340244293212891,0.6006309390068054,1,66.40988159179688,1
9.713336944580078,5.358160972595215,0.7984189391136169,0,87.16614532470703,1
2.2702536582946777,5.912474632263184,0.9460586309432983,1,41.411014556884766,0
6.331872940063477,5.589025020599365,0.5038132071495056,1,51.88382339477539,0
9.656464576721191,5.224486351013184,0.8061387538909912,0,76.01565551757812,1
4.645924091339111,6.170064449310303,0.5787984132766724,0,36.863075256347656,0
7.659712314605713,7.929029941558838,0.8482297658920288,0,77.53181457519531,1
9.099096298217773,9.49620532989502,0.9098362922668457,1,97.76856994628906,1
2.6265881061553955,4.737467288970947,0.689738929271698,0,20.698360443115234,0
5.696547508239746,6.033194541931152,0.7569657564163208,1,60.01359558105469,1
0.9205096960067749,4.442784309387207,0.6620758175849915,1,10.98365592956543,0
2.754916191101074,4.6350321769714355,0.7027058601379395,0,26.125953674316406,0
1.5260308980941772,4.366003036499023,0.5760753750801086,1,19.242204666137695,0
1.9634044170379639,8.805758476257324,0.9345483183860779,0,42.77095413208008,0
9.665702819824219,5.357529640197754,0.9724686741828918,1,88.87290954589844,1
0.8678754568099976,5.262351989746094,0.7751830816268921,1,12.902863502502441,0
7.341704368591309,7.040180683135986,0.6856138706207275,1,67.60459899902344,1
4.260474681854248,7.4475884437561035,0.6759133338928223,1,52.54600143432617,0
5.332210540771484,7.771066665649414,0.5345174670219421,1,53.896324157714844,0
8.916497230529785,8.392212867736816,0.500234067440033,0,77.1763916015625,1
9.852442741394043,6.5648016929626465,0.962189793586731,0,87.7513656616211,1
0.4353454113006592,6.601842880249023,0.5494983792304993,0,4.627066135406494,0
1.5040339231491089,9.146261215209961,0.605636477470398,1,27.81132698059082,0
7.590476036071777,9.24124526977539,0.9210423231124878,1,81.82755279541016,1
4.04609489440918,4.020144939422607,0.6922767758369446,1,32.11309051513672,0
1.916154384613037,5.107638835906982,0.5160496830940247,0,11.859877586364746,0
8.482539176940918,5.24887228012085,0.8842263221740723,1,70.50346374511719,1
3.270994186401367,4.819185733795166,0.8897523880004883,0,38.58807373046875,0
3.9647278785705566,7.47160005569458,0.902224063873291,1,44.24442672729492,0
9.360198974609375,4.536726951599121,0.5989384651184082,1,63.31494903564453,1
4.819258689880371,4.5867743492126465,0.7673467397689819,0,36.78989028930664,0
0.5560706853866577,9.07858943939209,0.9457052946090698,1,39.1696891784668,0
6.438863277435303,5.088963508605957,0.7713921070098877,0,53.96166229248047,0
8.42186164855957,6.15764045715332,0.9841165542602539,0,85.509033203125,1
0.5762418508529663,7.396766662597656,0.8750287890434265,1,34.8974723815918,0
2.0678296089172363,9.53642463684082,0.867973268032074,1,50.53501892089844,0
7.357060432434082,6.207374095916748,0.9766348004341125,1,71.67119598388672,1
3.6407883167266846,5.068045616149902,0.7830297946929932,1,38.47467803955078,0
9.932829856872559,7.305948257446289,0.9701295495033264,1,90.46149444580078,1
9.934715270996094,5.944796085357666,0.8427501320838928,1,80.77680969238281,1
8.130178451538086,4.111565589904785,0.5654051899909973,1,62.05543518066406,1
1.0919297933578491,7.7624406814575195,0.5643730163574219,1,26.547760009765625,0
4.597945690155029,5.715508937835693,0.9883261919021606,1,45.643917083740234,0
9.622507095336914,4.747174263000488,0.8095368146896362,1,86.87994384765625,1
0.05971419811248779,6.268026351928711,0.8666132688522339,0,12.063836097717285,0
0.9539366960525513,5.427582740783691,0.9234899878501892,1,32.16287612915039,0
9.944517135620117,5.608798027038574,0.6428353786468506,1,70.10505676269531,1
2.7962794303894043,6.756560325622559,0.6874263286590576,1,39.80217361450195,0
6.555023670196533,7.520256996154785,0.9287916421890259,1,64.01737213134766,1
6.869879245758057,6.740968704223633,0.825088381767273,1,72.58714294433594,1
1.9814201593399048,6.979668140411377,0.5717309713363647,1,22.73419761657715,0
8.199723243713379,4.333940505981445,0.8383822441101074,1,69.64542388916016,1
0.4707508683204651,9.63882064819336,0.7108587622642517,0,34.758575439453125,0
0.8441715836524963,9.181246757507324,0.8983269333839417,0,33.96504211425781,0
9.216752052307129,9.049921035766602,0.6893193125724792,1,90.0389175415039,1
1.8963013887405396,7.506525993347168,0.6127189993858337,1,38.114166259765625,0
2.8750572204589844,7.220911502838135,0.6781715154647827,1,40.32127380371094,0
4.903387546539307,5.754180431365967,0.5768131017684937,0,46.14482116699219,0
3.4614851474761963,7.459949970245361,0.9016115069389343,1,55.27813720703125,0
0.682944118976593,8.465274810791016,0.8431452512741089,1,36.58704376220703,0
9.541876792907715,7.138925075531006,0.9409170150756836,1,92.4842758178711,1
5.244370460510254,6.86055326461792,0.5559622645378113,0,46.435325622558594,0
1.8100086450576782,9.917562484741211,0.8972082138061523,0,46.99213790893555,0
0.33698222041130066,5.163498401641846,0.8450308442115784,1,20.510643005371094,0
5.448643207550049,6.488979339599609,0.927833080291748,0,49.76129150390625,0
4.6198410987854,6.264153957366943,0.6279025673866272,1,44.858177185058594,0
7.508605003356934,7.755384922027588,0.8052273988723755,1,69.75288391113281,1
3.3517160415649414,8.400972366333008,0.7821562886238098,0,46.83729553222656,0
3.1974849700927734,9.860542297363281,0.7061233520507812,1,50.50806427001953,0
9.391857147216797,5.343216419219971,0.7465142011642456,0,73.97262573242188,1
1.4039069414138794,8.28303050994873,0.5439978241920471,1,32.34721374511719,0
6.89181661605835,9.565932273864746,0.8130239248275757,1,80.19548034667969,1
5.3835344314575195,5.596820831298828,0.8055446743965149,0,49.570472717285156,0
6.865419387817383,9.252561569213867,0.7991623282432556,0,75.44822692871094,1
1.4422937631607056,6.73629903793335,0.7653779983520508,0,34.8708381652832,0
6.3491997718811035,7.449355602264404,0.5648427605628967,1,52.619529724121094,0
2.283496141433716,4.377201557159424,0.7564412951469421,0,31.7612361907959,0
4.362375259399414,9.569557189941406,0.9209433197975159,0,57.541358947753906,0
0.6042279005050659,9.246557235717773,0.9937565922737122,1,42.94567108154297,0
0.009128665551543236,4.390174388885498,0.5212429165840149,0,5.476322174072266,0
7.44071626663208,6.215258598327637,0.6429765820503235,0,66.94754028320312,1
3.440614938735962,4.882237911224365,0.7506071329116821,0,28.39558982849121,0
4.593387603759766,4.684446811676025,0.7060941457748413,0,37.05778503417969,0
0.8131767511367798,7.288693428039551,0.5725048184394836,1,15.717145919799805,0
8.636003494262695,8.336913108825684,0.6961065530776978,0,68.35572052001953,1
6.388956069946289,4.606816291809082,0.875899612903595,0,48.34001922607422,0
8.784570693969727,7.557332992553711,0.8503614664077759,1,84.2647705078125,1
1.0022261142730713,5.917939186096191,0.9638519883155823,0,16.42927360534668,0
0.7841705083847046,5.059235095977783,0.9477273225784302,0,15.343297958374023,0
2.1874372959136963,5.9104905128479,0.6827813982963562,1,36.43844985961914,0
3.495624542236328,7.9372735023498535,0.5478371381759644,1,47.41486358642578,0
8.956464767456055,7.2903523445129395,0.68916255235672,1,75.73556518554688,1
3.308279037475586,7.498188018798828,0.7521302103996277,1,41.68621063232422,0
6.622239112854004,7.044857978820801,0.6715804934501648,1,75.61104583740234,1
3.591630458831787,8.829507827758789,0.8730525374412537,1,56.620704650878906,0
5.667907238006592,9.198909759521484,0.8779509663581848,1,68.08026885986328,1
4.160768508911133,6.108982086181641,0.938255786895752,1,53.838382720947266,0
3.440535068511963,5.436758995056152,0.9408957958221436,0,42.97825241088867,0
6.231936454772949,9.948538780212402,0.8222607970237732,0,70.94771575927734,1
5.791284084320068,4.9932708740234375,0.5526889562606812,0,47.00853729248047,0
4.265176773071289,5.079331874847412,0.592149019241333,1,38.28097152709961,0
6.29597282409668,9.49586009979248,0.8322409391403198,1,72.91963195800781,1
5.624311923980713,9.650273323059082,0.8693118691444397,0,67.96245574951172,1
8.046467781066895,4.130774021148682,0.6669316291809082,0,53.54985427856445,0
4.473736763000488,6.425228118896484,0.6070253252983093,0,30.520423889160156,0
4.1136674880981445,8.529536247253418,0.76664799451828,1,60.75571823120117,1
6.465723514556885,5.069344520568848,0.7998790740966797,0,58.12190628051758,0
6.76969575881958,7.328299522399902,0.7044366598129272,0,59.73271560668945,0
3.21980881690979,6.974603652954102,0.9473602771759033,0,52.445457458496094,0
7.773926734924316,6.482784748077393,0.7894268035888672,1,81.92050170898438,1
8.914519309997559,7.26148796081543,0.9576153755187988,0,78.21039581298828,1
2.459111213684082,7.398228168487549,0.5166782736778259,1,34.233360290527344,0
1.9240256547927856,4.227894306182861,0.926740288734436,1,25.666473388671875,0
4.842714786529541,9.480560302734375,0.9614656567573547,0,58.1201286315918,0
7.3093438148498535,5.485344886779785,0.6615227460861206,1,67.15988159179688,1
9.125537872314453,8.184144973754883,0.9119207262992859,0,75.76949310302734,1
1.533388614654541,4.368256092071533,0.9370896816253662,1,20.808855056762695,0
2.0150399208068848,7.2926530838012695,0.5456588268280029,1,35.726226806640625,0
2.5673820972442627,8.859894752502441,0.5664930939674377,1,34.989994049072266,0
2.3856773376464844,9.473127365112305,0.7082057595252991,0,37.92310333251953,0
6.788634300231934,6.8612446784973145,0.6616533398628235,1,65.84751892089844,1
6.316385269165039,9.452366828918457,0.5798372626304626,1,65.54412078857422,1
0.10675447434186935,4.040579795837402,0.9708234071731567,0,5.575299263000488,0
3.065335750579834,4.211970329284668,0.969824492931366,1,43.150634765625,0
3.3647143840789795,5.196524620056152,0.6722655892372131,1,26.80247688293457,0
2.9017443656921387,9.481022834777832,0.7073710560798645,1,52.04713821411133,0
6.740087032318115,8.763351440429688,0.6338738799095154,1,70.75678253173828,1
5.196110725402832,9.125755310058594,0.850031852722168,1,68.05963897705078,1
1.6486797332763672,8.590550422668457,0.5503724217414856,1,32.50469207763672,0
2.634153127670288,5.276927471160889,0.8301191926002502,0,30.287731170654297,0
5.876584053039551,8.106037139892578,0.9161081910133362,1,69.31879425048828,1
3.065178871154785,7.963349342346191,0.8811727166175842,0,52.193565368652344,0
9.726167678833008,8.434452056884766,0.845914900302887,0,86.30084228515625,1
6.022461891174316,4.921682834625244,0.5428531169891357,0,37.038673400878906,0
8.718826293945312,4.3111724853515625,0.6344155073165894,0,54.047672271728516,0
0.4016413390636444,5.660572528839111,0.5547074675559998,0,0.42774122953414917,0
6.676931858062744,7.159961223602295,0.5002806186676025,1,61.75437545776367,1
8.921747207641602,5.144421100616455,0.6528268456459045,0,65.86522674560547,1
3.1175589561462402,5.021176815032959,0.7939078211784363,0,25.514148712158203,0
2.7673094272613525,7.655660152435303,0.6995227932929993,1,42.01594924926758,0
2.9768950939178467,8.071985244750977,0.9517091512680054,1,50.534385681152344,0
9.707118034362793,6.678390979766846,0.5649179816246033,1,83.5793228149414,1
4.1098504066467285,6.926097869873047,0.695052981376648,1,52.250038146972656,0
6.131196022033691,4.3189167976379395,0.5940473675727844,1,45.21113967895508,0
9.616421699523926,9.520578384399414,0.5931751132011414,0,81.14379119873047,1
1.6241728067398071,4.5900349617004395,0.7979483604431152,0,31.60353660583496,0
4.523403167724609,6.004795551300049,0.6534966826438904,1,40.301265716552734,0
1.8356389999389648,9.885330200195312,0.7605442404747009,1,47.32186508178711,0
4.388828277587891,8.249025344848633,0.8494600057601929,1,56.65747833251953,0
5.219749927520752,5.020071029663086,0.7066998481750488,0,47.8250846862793,0
1.9864939451217651,9.070733070373535,0.9147405624389648,1,44.35213851928711,0
5.545951843261719,6.850808143615723,0.6045897006988525,0,42.15518569946289,0
2.6919732093811035,4.143803596496582,0.5572782158851624,0,14.53260612487793,0
9.498068809509277,7.695812225341797,0.8573391437530518,1,89.77528381347656,1
2.0773062705993652,9.685598373413086,0.5653205513954163,1,42.33019256591797,0
6.269388198852539,7.163362979888916,0.733508825302124,0,54.8302001953125,0
4.774553298950195,7.322759628295898,0.5170849561691284,1,45.662353515625,0
1.601502776145935,9.792142868041992,0.7333815097808838,0,44.8487434387207,0
2.242671251296997,4.127652645111084,0.5030195116996765,0,12.352527618408203,0
2.641281843185425,9.03147029876709,0.7942598462104797,0,35.66084671020508,0
4.956925868988037,4.844951152801514,0.881666898727417,0,44.095462799072266,0
1.3088141679763794,9.777043342590332,0.9264068007469177,0,45.78770065307617,0
9.14977741241455,9.406972885131836,0.7383443117141724,0,86.9150619506836,1
3.7459464073181152,6.607538223266602,0.861907958984375,1,49.18383026123047,0
6.350605487823486,6.832186222076416,0.6043717861175537,1,54.44649124145508,0
